合约代码,更新时间,最新价,成交量,买价一,买量一,卖价一,卖量一,持仓量,换手率
TF1706,40:48.5,99.31,3580,99.295,4,99.31,38,15823,3.55E+09
TF1706,40:49.0,99.31,3585,99.3,3,99.31,33,15823,3.56E+09
TF1706,40:49.5,99.3,3586,99.295,3,99.31,33,15822,3.56E+09
TF1706,40:50.0,99.3,3587,99.295,3,99.305,1,15823,3.56E+09
TF1706,40:50.5,99.305,3588,99.295,4,99.305,1,15823,3.56E+09
TF1706,40:51.0,99.305,3589,99.3,1,99.31,33,15822,3.56E+09
TF1706,40:54.5,99.305,3589,99.3,2,99.31,33,15822,3.56E+09
TF1706,40:55.0,99.305,3589,99.3,2,99.31,33,15822,3.56E+09
TF1706,40:57.5,99.305,3589,99.3,2,99.31,33,15822,3.56E+09
TF1706,41:01.5,99.305,3589,99.3,3,99.31,33,15822,3.56E+09
TF1706,41:02.0,99.305,3589,99.3,3,99.31,33,15822,3.56E+09
TF1706,41:05.5,99.305,3589,99.3,3,99.31,33,15822,3.56E+09
TF1706,41:07.5,99.305,3589,99.3,11,99.31,33,15822,3.56E+09
TF1706,41:11.0,99.31,3594,99.305,1,99.31,28,15822,3.57E+09
TF1706,41:11.5,99.305,3595,99.3,3,99.305,1,15822,3.57E+09
TF1706,41:12.0,99.305,3595,99.305,1,99.31,28,15822,3.57E+09
TF1706,41:12.5,99.305,3596,99.3,3,99.31,28,15822,3.57E+09
TF1706,41:17.5,99.3,3599,99.295,4,99.3,22,15821,3.57E+09
TF1706,41:18.0,99.3,3604,99.295,4,99.3,17,15817,3.58E+09
TF1706,41:18.5,99.3,3604,99.295,3,99.3,17,15817,3.58E+09
TF1706,41:21.5,99.3,3607,99.295,3,99.3,14,15814,3.58E+09
TF1706,41:28.0,99.3,3607,99.295,13,99.3,14,15814,3.58E+09
TF1706,41:31.0,99.3,3607,99.295,13,99.3,14,15814,3.58E+09
TF1706,41:32.5,99.3,3607,99.295,13,99.3,14,15814,3.58E+09
TF1706,41:34.5,99.3,3607,99.295,13,99.3,14,15814,3.58E+09
TF1706,41:36.0,99.3,3607,99.295,13,99.3,14,15814,3.58E+09
TF1706,41:39.5,99.3,3607,99.295,13,99.3,14,15814,3.58E+09
TF1706,41:42.5,99.295,3614,99.295,6,99.3,14,15821,3.59E+09
TF1706,41:43.0,99.295,3620,99.29,10,99.295,12,15822,3.59E+09
TF1706,41:43.5,99.295,3620,99.29,10,99.295,2,15822,3.59E+09
TF1706,41:44.0,99.295,3620,99.29,10,99.295,1,15822,3.59E+09
TF1706,41:45.0,99.295,3620,99.29,9,99.295,1,15822,3.59E+09
TF1706,41:45.5,99.295,3620,99.295,1,99.3,14,15822,3.59E+09
TF1706,41:46.0,99.295,3621,99.295,1,99.3,14,15821,3.60E+09
TF1706,41:48.0,99.295,3622,99.29,2,99.3,14,15820,3.60E+09
TF1706,41:49.5,99.295,3622,99.295,6,99.3,14,15820,3.60E+09
TF1706,41:50.0,99.295,3623,99.295,5,99.3,14,15820,3.60E+09
TF1706,41:51.5,99.295,3623,99.295,5,99.3,15,15820,3.60E+09
TF1706,41:54.5,99.295,3623,99.29,2,99.3,15,15820,3.60E+09
TF1706,41:58.0,99.295,3623,99.29,2,99.3,43,15820,3.60E+09
TF1706,41:58.5,99.295,3623,99.295,5,99.3,43,15820,3.60E+09
TF1706,42:03.0,99.295,3623,99.295,5,99.3,43,15820,3.60E+09
TF1706,42:03.5,99.295,3623,99.29,2,99.3,43,15820,3.60E+09
TF1706,42:07.5,99.295,3623,99.295,5,99.3,43,15820,3.60E+09
TF1706,42:09.0,99.295,3623,99.295,5,99.3,43,15820,3.60E+09
TF1706,42:12.5,99.295,3623,99.29,3,99.3,43,15820,3.60E+09
TF1706,42:16.5,99.3,3628,99.29,3,99.3,38,15815,3.60E+09
TF1706,42:31.0,99.3,3628,99.295,40,99.3,38,15815,3.60E+09
TF1706,42:37.0,99.295,3631,99.295,37,99.3,38,15817,3.61E+09
TF1706,42:43.0,99.295,3631,99.295,37,99.3,39,15817,3.61E+09
TF1706,42:43.5,99.295,3633,99.295,36,99.3,38,15817,3.61E+09
TF1706,42:47.0,99.295,3635,99.295,34,99.3,46,15818,3.61E+09
TF1706,42:47.5,99.295,3640,99.295,29,99.3,46,15820,3.61E+09
TF1706,42:48.0,99.295,3644,99.295,25,99.3,46,15820,3.62E+09
TF1706,42:48.5,99.295,3646,99.295,23,99.3,46,15822,3.62E+09
TF1706,42:49.0,99.295,3650,99.295,19,99.3,55,15823,3.62E+09
TF1706,42:50.0,99.295,3650,99.295,19,99.3,57,15823,3.62E+09
TF1706,42:51.5,99.295,3651,99.295,18,99.3,57,15824,3.63E+09
TF1706,42:52.0,99.295,3654,99.295,15,99.3,57,15827,3.63E+09
TF1706,42:54.5,99.295,3654,99.295,15,99.3,56,15827,3.63E+09
TF1706,43:00.5,99.295,3654,99.295,15,99.3,57,15827,3.63E+09
TF1706,43:02.0,99.295,3654,99.295,15,99.3,55,15827,3.63E+09
TF1706,43:02.5,99.295,3666,99.295,3,99.3,63,15829,3.64E+09
TF1706,43:03.0,99.295,3669,99.29,3,99.295,1,15831,3.64E+09
TF1706,43:03.5,99.29,3670,99.29,2,99.295,3,15832,3.64E+09
TF1706,43:04.0,99.29,3672,99.285,3,99.295,11,15832,3.65E+09
TF1706,43:04.5,99.29,3672,99.285,3,99.295,11,15832,3.65E+09
TF1706,43:05.0,99.29,3672,99.285,3,99.295,12,15832,3.65E+09
TF1706,43:05.5,99.29,3672,99.285,3,99.295,13,15832,3.65E+09
TF1706,43:06.0,99.295,3673,99.285,3,99.295,7,15832,3.65E+09
TF1706,43:07.5,99.295,3673,99.285,3,99.295,7,15832,3.65E+09
TF1706,43:12.0,99.285,3674,99.285,2,99.295,7,15832,3.65E+09
TF1706,43:12.5,99.295,3675,99.285,2,99.295,8,15832,3.65E+09
TF1706,43:13.0,99.295,3675,99.285,2,99.295,9,15832,3.65E+09
TF1706,43:15.0,99.295,3675,99.285,2,99.295,9,15832,3.65E+09
TF1706,43:19.0,99.295,3675,99.285,2,99.295,9,15832,3.65E+09
TF1706,43:20.5,99.295,3678,99.285,2,99.295,5,15831,3.65E+09
TF1706,43:21.0,99.295,3678,99.285,3,99.295,7,15831,3.65E+09
TF1706,43:21.5,99.295,3678,99.285,3,99.295,6,15831,3.65E+09
TF1706,43:25.5,99.295,3678,99.285,3,99.295,6,15831,3.65E+09
TF1706,43:27.0,99.285,3681,99.28,3,99.285,7,15832,3.66E+09
TF1706,43:27.5,99.285,3691,99.285,12,99.295,4,15834,3.67E+09
TF1706,43:28.0,99.285,3691,99.285,3,99.295,4,15834,3.67E+09
TF1706,43:29.0,99.285,3691,99.285,3,99.295,5,15834,3.67E+09
TF1706,43:31.0,99.285,3691,99.285,3,99.295,5,15834,3.67E+09
TF1706,43:33.0,99.285,3694,99.28,3,99.285,7,15836,3.67E+09
TF1706,43:33.5,99.285,3699,99.28,3,99.285,2,15838,3.67E+09
TF1706,43:34.0,99.285,3701,99.28,2,99.295,5,15840,3.68E+09
TF1706,43:34.5,99.285,3701,99.285,10,99.295,6,15840,3.68E+09
TF1706,43:35.0,99.285,3701,99.285,10,99.295,6,15840,3.68E+09
TF1706,43:35.5,99.285,3701,99.29,1,99.295,6,15840,3.68E+09
TF1706,43:36.0,99.285,3701,99.29,2,99.295,6,15840,3.68E+09
TF1706,43:37.0,99.29,3703,99.285,10,99.295,7,15840,3.68E+09
TF1706,43:37.5,99.285,3707,99.285,6,99.295,7,15842,3.68E+09
TF1706,43:41.0,99.285,3708,99.285,5,99.295,10,15842,3.68E+09
TF1706,43:41.5,99.285,3711,99.285,2,99.29,2,15842,3.69E+09
TF1706,43:42.0,99.285,3713,99.28,3,99.29,15,15842,3.69E+09
TF1706,43:42.5,99.285,3713,99.28,3,99.29,15,15842,3.69E+09
TF1706,43:43.0,99.285,3713,99.28,2,99.29,15,15842,3.69E+09
TF1706,43:43.5,99.285,3713,99.28,2,99.29,15,15842,3.69E+09
TF1706,43:44.5,99.285,3713,99.28,2,99.29,15,15842,3.69E+09
TF1706,43:45.0,99.285,3713,99.28,2,99.285,2,15842,3.69E+09
TF1706,43:45.5,99.285,3713,99.28,2,99.285,16,15842,3.69E+09
TF1706,43:46.0,99.285,3713,99.28,1,99.285,16,15842,3.69E+09
TF1706,43:46.5,99.28,3714,99.275,2,99.285,16,15842,3.69E+09
TF1706,43:47.0,99.28,3714,99.275,2,99.285,16,15842,3.69E+09
TF1706,43:47.5,99.28,3714,99.275,2,99.285,17,15842,3.69E+09
TF1706,43:50.0,99.28,3714,99.275,2,99.285,15,15842,3.69E+09
TF1706,43:50.5,99.285,3717,99.275,2,99.285,12,15839,3.69E+09
TF1706,43:51.0,99.285,3717,99.275,2,99.285,13,15839,3.69E+09
TF1706,43:51.5,99.285,3717,99.275,2,99.285,13,15839,3.69E+09
TF1706,43:52.5,99.285,3717,99.275,3,99.285,13,15839,3.69E+09
TF1706,43:54.5,99.285,3717,99.275,4,99.285,13,15839,3.69E+09
TF1706,43:56.0,99.285,3717,99.275,5,99.285,13,15839,3.69E+09
TF1706,43:57.0,99.285,3717,99.275,5,99.28,1,15839,3.69E+09
TF1706,43:57.5,99.28,3718,99.28,2,99.285,12,15838,3.69E+09
TF1706,43:58.0,99.28,3718,99.28,1,99.285,3,15838,3.69E+09
TF1706,43:59.0,99.28,3718,99.28,1,99.285,5,15838,3.69E+09
TF1706,43:59.5,99.28,3718,99.28,1,99.285,4,15838,3.69E+09
TF1706,44:00.0,99.28,3718,99.275,5,99.285,4,15838,3.69E+09
TF1706,44:01.0,99.28,3718,99.275,5,99.285,6,15838,3.69E+09
TF1706,44:03.0,99.28,3718,99.275,5,99.285,6,15838,3.69E+09
TF1706,44:03.5,99.28,3718,99.275,5,99.285,6,15838,3.69E+09
TF1706,44:08.5,99.28,3718,99.275,5,99.285,6,15838,3.69E+09
TF1706,44:10.0,99.28,3718,99.275,6,99.285,6,15838,3.69E+09
TF1706,44:14.0,99.28,3718,99.275,6,99.285,6,15838,3.69E+09
TF1706,44:18.0,99.28,3718,99.275,6,99.285,6,15838,3.69E+09
TF1706,44:18.5,99.28,3718,99.275,5,99.285,6,15838,3.69E+09
TF1706,44:19.0,99.28,3718,99.275,5,99.285,5,15838,3.69E+09
TF1706,44:19.5,99.28,3718,99.275,5,99.285,6,15838,3.69E+09
TF1706,44:24.5,99.28,3718,99.275,5,99.285,6,15838,3.69E+09
TF1706,44:30.0,99.28,3718,99.275,5,99.285,5,15838,3.69E+09
TF1706,44:30.5,99.28,3718,99.28,1,99.285,5,15838,3.69E+09
TF1706,44:32.5,99.28,3718,99.275,5,99.285,5,15838,3.69E+09
TF1706,44:33.0,99.28,3718,99.28,1,99.285,5,15838,3.69E+09
TF1706,44:43.0,99.28,3718,99.275,4,99.285,6,15838,3.69E+09
TF1706,44:47.5,99.275,3719,99.275,3,99.285,17,15837,3.69E+09
TF1706,44:48.0,99.275,3719,99.275,3,99.28,2,15837,3.69E+09
TF1706,44:48.5,99.275,3719,99.275,2,99.28,4,15837,3.69E+09
TF1706,44:49.0,99.28,3724,99.275,1,99.285,17,15839,3.70E+09
TF1706,44:54.5,99.28,3724,99.275,2,99.285,20,15839,3.70E+09
TF1706,44:57.0,99.28,3724,99.275,3,99.285,20,15839,3.70E+09
TF1706,44:57.5,99.275,3726,99.275,1,99.285,25,15838,3.70E+09
TF1706,44:58.0,99.275,3727,99.27,2,99.28,2,15839,3.70E+09
TF1706,44:58.5,99.275,3727,99.27,2,99.28,4,15839,3.70E+09
TF1706,45:03.0,99.275,3727,99.27,2,99.28,4,15839,3.70E+09
TF1706,45:04.5,99.275,3727,99.27,12,99.28,4,15839,3.70E+09
TF1706,45:07.0,99.275,3727,99.27,12,99.28,4,15839,3.70E+09
TF1706,45:07.5,99.27,3728,99.27,11,99.28,4,15839,3.70E+09
TF1706,45:08.0,99.27,3728,99.27,11,99.28,4,15839,3.70E+09
TF1706,45:08.5,99.27,3728,99.27,11,99.28,5,15839,3.70E+09
TF1706,45:13.5,99.27,3728,99.27,12,99.28,5,15839,3.70E+09
TF1706,45:19.5,99.28,3733,99.28,1,99.285,21,15839,3.71E+09
TF1706,45:20.0,99.285,3735,99.275,1,99.285,8,15839,3.71E+09
TF1706,45:20.5,99.285,3735,99.275,2,99.285,15,15839,3.71E+09
TF1706,45:21.0,99.285,3735,99.275,2,99.285,20,15839,3.71E+09
TF1706,45:22.0,99.285,3735,99.275,2,99.285,20,15839,3.71E+09
TF1706,45:22.5,99.285,3735,99.275,2,99.285,20,15839,3.71E+09
TF1706,45:25.5,99.285,3735,99.275,2,99.285,17,15839,3.71E+09
TF1706,45:26.0,99.285,3735,99.28,10,99.285,17,15839,3.71E+09
TF1706,45:28.0,99.285,3735,99.28,10,99.285,20,15839,3.71E+09
TF1706,45:28.5,99.285,3735,99.28,10,99.285,17,15839,3.71E+09
TF1706,45:29.0,99.28,3736,99.28,9,99.285,15,15839,3.71E+09
TF1706,45:29.5,99.28,3740,99.28,5,99.285,21,15843,3.71E+09
TF1706,45:30.0,99.28,3740,99.28,5,99.285,18,15843,3.71E+09
TF1706,45:33.0,99.28,3740,99.28,5,99.285,15,15843,3.71E+09
TF1706,45:34.5,99.28,3740,99.28,5,99.285,15,15843,3.71E+09
TF1706,45:35.0,99.285,3744,99.28,5,99.285,7,15840,3.72E+09
TF1706,45:35.5,99.285,3744,99.28,6,99.285,4,15840,3.72E+09
TF1706,45:36.5,99.285,3744,99.28,6,99.285,4,15840,3.72E+09
TF1706,45:41.5,99.285,3744,99.28,16,99.285,4,15840,3.72E+09
TF1706,45:42.0,99.285,3749,99.28,16,99.29,13,15843,3.72E+09
TF1706,45:42.5,99.285,3749,99.28,16,99.29,13,15843,3.72E+09
TF1706,45:43.0,99.285,3749,99.285,1,99.29,13,15843,3.72E+09
TF1706,45:43.5,99.285,3749,99.285,2,99.29,13,15843,3.72E+09
TF1706,45:44.0,99.285,3749,99.285,3,99.29,13,15843,3.72E+09
TF1706,45:49.5,99.285,3749,99.285,3,99.29,13,15843,3.72E+09
TF1706,45:51.0,99.285,3749,99.285,3,99.29,16,15843,3.72E+09
TF1706,45:51.5,99.285,3749,99.285,1,99.29,16,15843,3.72E+09
TF1706,45:53.0,99.285,3750,99.28,16,99.29,16,15842,3.72E+09
TF1706,45:53.5,99.285,3750,99.28,16,99.285,2,15842,3.72E+09
TF1706,45:54.0,99.285,3750,99.28,15,99.285,13,15842,3.72E+09
TF1706,45:54.5,99.285,3750,99.28,15,99.285,11,15842,3.72E+09
TF1706,46:00.0,99.285,3750,99.28,15,99.285,7,15842,3.72E+09
TF1706,46:00.5,99.285,3751,99.28,15,99.285,6,15842,3.72E+09
TF1706,46:01.0,99.285,3751,99.28,15,99.285,6,15842,3.72E+09
TF1706,46:04.0,99.285,3751,99.28,15,99.285,6,15842,3.72E+09
TF1706,46:04.5,99.285,3751,99.28,15,99.285,6,15842,3.72E+09
TF1706,46:16.5,99.285,3751,99.28,15,99.285,10,15842,3.72E+09
TF1706,46:27.5,99.285,3751,99.28,15,99.285,17,15842,3.72E+09
TF1706,46:28.0,99.28,3753,99.28,13,99.285,17,15842,3.73E+09
TF1706,46:29.0,99.285,3772,99.28,13,99.29,9,15861,3.75E+09
TF1706,46:29.5,99.285,3772,99.28,13,99.29,7,15861,3.75E+09
TF1706,46:30.0,99.285,3772,99.28,13,99.29,9,15861,3.75E+09
TF1706,46:31.5,99.285,3772,99.28,13,99.29,9,15861,3.75E+09
TF1706,46:35.5,99.285,3772,99.28,13,99.29,4,15861,3.75E+09
TF1706,46:36.0,99.285,3772,99.285,1,99.29,9,15861,3.75E+09
TF1706,46:36.5,99.285,3772,99.285,3,99.29,4,15861,3.75E+09
TF1706,46:37.0,99.285,3772,99.285,3,99.29,9,15861,3.75E+09
TF1706,46:46.0,99.285,3772,99.285,3,99.29,4,15861,3.75E+09
TF1706,46:46.5,99.285,3772,99.285,3,99.29,3,15861,3.75E+09
TF1706,46:52.5,99.285,3775,99.28,14,99.285,7,15862,3.75E+09
TF1706,47:04.5,99.285,3775,99.28,14,99.285,9,15862,3.75E+09
TF1706,47:05.0,99.28,3776,99.28,13,99.285,9,15863,3.75E+09
TF1706,47:06.0,99.28,3786,99.28,3,99.285,14,15873,3.76E+09
TF1706,47:06.5,99.28,3788,99.275,2,99.28,1,15873,3.76E+09
TF1706,47:07.0,99.28,3788,99.275,2,99.28,2,15873,3.76E+09
TF1706,47:11.0,99.275,3790,99.27,2,99.28,2,15873,3.76E+09
TF1706,47:11.5,99.275,3790,99.27,2,99.28,3,15873,3.76E+09
TF1706,47:12.0,99.275,3790,99.27,2,99.275,1,15873,3.76E+09
TF1706,47:12.5,99.275,3790,99.27,2,99.275,1,15873,3.76E+09
TF1706,47:13.5,99.275,3790,99.27,2,99.275,3,15873,3.76E+09
TF1706,47:14.0,99.27,3791,99.27,1,99.275,3,15873,3.76E+09
TF1706,47:14.5,99.27,3792,99.265,1,99.27,1,15873,3.77E+09
TF1706,47:15.0,99.27,3792,99.265,2,99.27,5,15873,3.77E+09
TF1706,47:17.5,99.27,3792,99.265,2,99.27,6,15873,3.77E+09
TF1706,47:19.0,99.27,3792,99.265,2,99.27,7,15873,3.77E+09
TF1706,47:19.5,99.27,3792,99.265,1,99.27,7,15873,3.77E+09
TF1706,47:20.0,99.265,3793,99.26,5,99.265,9,15873,3.77E+09
TF1706,47:20.5,99.265,3793,99.26,5,99.265,10,15873,3.77E+09
TF1706,47:21.0,99.265,3793,99.26,5,99.265,10,15873,3.77E+09
TF1706,47:22.5,99.265,3793,99.26,5,99.265,10,15873,3.77E+09
TF1706,47:24.0,99.265,3793,99.26,6,99.265,10,15873,3.77E+09
TF1706,47:24.5,99.265,3793,99.26,5,99.265,10,15873,3.77E+09
TF1706,47:25.0,99.265,3803,99.26,6,99.27,4,15882,3.78E+09
TF1706,47:25.5,99.27,3805,99.265,6,99.27,1,15882,3.78E+09
TF1706,47:26.0,99.27,3806,99.27,8,99.275,4,15882,3.78E+09
TF1706,47:26.5,99.27,3806,99.27,6,99.275,3,15882,3.78E+09
TF1706,47:27.0,99.275,3809,99.275,4,99.28,2,15882,3.78E+09
TF1706,47:27.5,99.275,3813,99.27,1,99.275,4,15880,3.79E+09
TF1706,47:28.0,99.275,3813,99.265,5,99.275,1,15880,3.79E+09
TF1706,47:28.5,99.275,3813,99.265,5,99.275,1,15880,3.79E+09
TF1706,47:29.0,99.275,3813,99.265,5,99.275,1,15880,3.79E+09
TF1706,47:30.5,99.275,3813,99.265,6,99.275,1,15880,3.79E+09
TF1706,47:31.0,99.275,3813,99.265,6,99.275,1,15880,3.79E+09
TF1706,47:35.5,99.275,3813,99.265,4,99.275,1,15880,3.79E+09
TF1706,47:39.5,99.265,3814,99.265,3,99.275,1,15879,3.79E+09
TF1706,47:40.0,99.265,3814,99.265,3,99.27,4,15879,3.79E+09
TF1706,47:40.5,99.265,3817,99.26,6,99.265,1,15881,3.79E+09
TF1706,47:41.0,99.265,3818,99.265,2,99.275,2,15881,3.79E+09
TF1706,47:41.5,99.265,3819,99.26,6,99.265,9,15881,3.79E+09
TF1706,47:42.0,99.265,3821,99.26,6,99.265,7,15882,3.79E+09
TF1706,47:44.5,99.265,3821,99.26,6,99.265,7,15882,3.79E+09
TF1706,47:47.5,99.265,3821,99.26,6,99.265,7,15882,3.79E+09
TF1706,47:48.0,99.265,3821,99.26,6,99.265,8,15882,3.79E+09
TF1706,47:48.5,99.26,3822,99.26,4,99.265,8,15882,3.80E+09
TF1706,47:49.0,99.26,3826,99.255,1,99.26,2,15882,3.80E+09
TF1706,47:49.5,99.26,3826,99.26,1,99.265,8,15882,3.80E+09
TF1706,47:50.0,99.26,3826,99.26,2,99.265,8,15882,3.80E+09
TF1706,47:50.5,99.26,3826,99.26,2,99.265,8,15882,3.80E+09
TF1706,47:53.5,99.26,3826,99.26,2,99.265,7,15882,3.80E+09
TF1706,47:54.0,99.26,3826,99.255,3,99.265,7,15882,3.80E+09
TF1706,47:54.5,99.26,3826,99.26,1,99.265,7,15882,3.80E+09
TF1706,47:55.0,99.26,3826,99.26,1,99.265,7,15882,3.80E+09
TF1706,47:56.0,99.25,3835,99.25,9,99.265,7,15883,3.81E+09
TF1706,47:56.5,99.25,3835,99.25,9,99.255,4,15883,3.81E+09
TF1706,47:57.0,99.25,3835,99.25,9,99.26,1,15883,3.81E+09
TF1706,47:57.5,99.255,3836,99.25,9,99.26,1,15883,3.81E+09
TF1706,47:58.0,99.255,3837,99.25,9,99.26,2,15882,3.81E+09
TF1706,47:59.0,99.255,3837,99.25,9,99.26,2,15882,3.81E+09
TF1706,47:59.5,99.255,3837,99.255,1,99.26,2,15882,3.81E+09
TF1706,48:00.0,99.255,3837,99.255,2,99.26,2,15882,3.81E+09
TF1706,48:00.5,99.255,3837,99.255,1,99.26,2,15882,3.81E+09
TF1706,48:01.0,99.26,3839,99.255,2,99.265,8,15882,3.81E+09
TF1706,48:01.5,99.26,3839,99.255,2,99.265,8,15882,3.81E+09
TF1706,48:02.0,99.26,3839,99.255,2,99.265,9,15882,3.81E+09
TF1706,48:03.0,99.26,3839,99.255,2,99.265,2,15882,3.81E+09
TF1706,48:03.5,99.26,3839,99.255,2,99.26,1,15882,3.81E+09
TF1706,48:04.0,99.26,3840,99.26,1,99.265,2,15882,3.81E+09
TF1706,48:04.5,99.26,3840,99.26,2,99.265,2,15882,3.81E+09
TF1706,48:05.0,99.26,3841,99.26,2,99.265,1,15881,3.81E+09
TF1706,48:06.0,99.26,3841,99.26,2,99.265,1,15881,3.81E+09
TF1706,48:06.5,99.26,3842,99.255,2,99.265,1,15880,3.82E+09
TF1706,48:07.5,99.26,3842,99.255,2,99.265,1,15880,3.82E+09
TF1706,48:10.0,99.26,3842,99.255,2,99.265,1,15880,3.82E+09
TF1706,48:11.5,99.26,3842,99.255,2,99.265,1,15880,3.82E+09
TF1706,48:12.0,99.26,3842,99.255,2,99.265,1,15880,3.82E+09
TF1706,48:12.5,99.255,3844,99.25,10,99.255,8,15880,3.82E+09
TF1706,48:13.0,99.255,3852,99.255,5,99.265,1,15882,3.83E+09
TF1706,48:13.5,99.255,3852,99.255,2,99.265,1,15882,3.83E+09
TF1706,48:14.0,99.255,3852,99.255,2,99.265,2,15882,3.83E+09
TF1706,48:16.0,99.255,3852,99.255,2,99.265,3,15882,3.83E+09
TF1706,48:17.0,99.255,3852,99.255,2,99.265,3,15882,3.83E+09
TF1706,48:18.0,99.255,3852,99.255,11,99.265,3,15882,3.83E+09
TF1706,48:19.0,99.255,3852,99.255,11,99.265,10,15882,3.83E+09
TF1706,48:22.0,99.255,3852,99.255,13,99.265,10,15882,3.83E+09
TF1706,48:22.5,99.255,3852,99.255,16,99.265,10,15882,3.83E+09
TF1706,48:34.5,99.255,3852,99.255,17,99.265,10,15882,3.83E+09
TF1706,48:38.0,99.255,3852,99.255,17,99.265,10,15882,3.83E+09
TF1706,48:45.0,99.255,3852,99.255,17,99.265,10,15882,3.83E+09
TF1706,48:45.5,99.255,3852,99.255,16,99.265,10,15882,3.83E+09
TF1706,48:46.5,99.255,3852,99.255,16,99.265,10,15882,3.83E+09
TF1706,48:47.0,99.255,3852,99.255,16,99.265,10,15882,3.83E+09
TF1706,48:49.0,99.255,3852,99.255,16,99.265,10,15882,3.83E+09
TF1706,48:49.5,99.255,3852,99.255,16,99.26,1,15882,3.83E+09
TF1706,48:50.0,99.255,3852,99.255,16,99.26,1,15882,3.83E+09
TF1706,48:50.5,99.255,3852,99.26,5,99.265,12,15882,3.83E+09
TF1706,48:51.0,99.255,3852,99.26,4,99.265,12,15882,3.83E+09
TF1706,48:52.5,99.255,3852,99.26,4,99.265,12,15882,3.83E+09
TF1706,48:53.0,99.255,3852,99.26,4,99.265,12,15882,3.83E+09
TF1706,48:53.5,99.26,3856,99.255,13,99.26,3,15885,3.83E+09
TF1706,48:56.0,99.26,3856,99.255,13,99.26,3,15885,3.83E+09
TF1706,48:57.0,99.26,3856,99.255,13,99.26,3,15885,3.83E+09
TF1706,49:00.0,99.26,3856,99.255,12,99.26,3,15885,3.83E+09
TF1706,49:01.5,99.26,3856,99.255,12,99.26,4,15885,3.83E+09
TF1706,49:02.5,99.255,3859,99.255,9,99.26,4,15885,3.83E+09
TF1706,49:03.0,99.255,3863,99.255,5,99.26,4,15888,3.84E+09
TF1706,49:03.5,99.255,3868,99.25,10,99.255,9,15885,3.84E+09
TF1706,49:04.0,99.25,3878,99.245,1,99.25,2,15881,3.85E+09
TF1706,49:04.5,99.25,3878,99.245,1,99.255,11,15881,3.85E+09
TF1706,49:05.0,99.25,3878,99.245,1,99.25,3,15881,3.85E+09
TF1706,49:05.5,99.25,3878,99.245,2,99.25,1,15881,3.85E+09
TF1706,49:06.0,99.25,3879,99.245,2,99.255,2,15881,3.85E+09
TF1706,49:06.5,99.25,3879,99.245,2,99.255,2,15881,3.85E+09
TF1706,49:07.5,99.245,3881,99.24,1,99.255,3,15881,3.85E+09
TF1706,49:08.0,99.245,3881,99.24,1,99.25,1,15881,3.85E+09
TF1706,49:08.5,99.245,3881,99.24,2,99.25,2,15881,3.85E+09
TF1706,49:09.0,99.245,3881,99.24,2,99.25,2,15881,3.85E+09
TF1706,49:10.0,99.245,3881,99.24,2,99.25,4,15881,3.85E+09
TF1706,49:10.5,99.245,3881,99.24,2,99.25,3,15881,3.85E+09
TF1706,49:11.0,99.245,3881,99.24,3,99.25,3,15881,3.85E+09
TF1706,49:12.0,99.245,3881,99.24,3,99.25,4,15881,3.85E+09
TF1706,49:12.5,99.24,3882,99.245,1,99.25,10,15880,3.85E+09
TF1706,49:13.0,99.245,3883,99.24,2,99.245,4,15880,3.86E+09
TF1706,49:13.5,99.245,3883,99.24,2,99.245,2,15880,3.86E+09
TF1706,49:14.5,99.245,3883,99.24,2,99.245,3,15880,3.86E+09
TF1706,49:15.0,99.245,3883,99.24,2,99.245,3,15880,3.86E+09
TF1706,49:15.5,99.245,3884,99.24,2,99.245,2,15880,3.86E+09
TF1706,49:18.5,99.245,3884,99.24,2,99.245,3,15880,3.86E+09
TF1706,49:19.5,99.245,3884,99.24,12,99.245,3,15880,3.86E+09
TF1706,49:20.0,99.245,3886,99.24,12,99.25,10,15882,3.86E+09
TF1706,49:22.5,99.245,3886,99.24,12,99.25,10,15882,3.86E+09
TF1706,49:23.0,99.245,3886,99.24,13,99.25,10,15882,3.86E+09
TF1706,49:26.0,99.245,3886,99.24,13,99.25,26,15882,3.86E+09
TF1706,49:26.5,99.245,3886,99.24,13,99.245,2,15882,3.86E+09
TF1706,49:27.0,99.245,3886,99.24,13,99.25,26,15882,3.86E+09
TF1706,49:30.5,99.245,3886,99.24,13,99.245,4,15882,3.86E+09
TF1706,49:31.0,99.245,3886,99.24,13,99.245,4,15882,3.86E+09
TF1706,49:32.0,99.245,3886,99.24,13,99.245,4,15882,3.86E+09
TF1706,49:33.0,99.245,3887,99.24,13,99.25,27,15881,3.86E+09
TF1706,49:33.5,99.245,3887,99.24,13,99.25,26,15881,3.86E+09
TF1706,49:34.5,99.245,3887,99.24,13,99.245,4,15881,3.86E+09
TF1706,49:35.0,99.245,3887,99.24,13,99.245,4,15881,3.86E+09
TF1706,49:36.0,99.245,3890,99.24,13,99.245,1,15881,3.86E+09
TF1706,49:36.5,99.245,3890,99.24,13,99.245,4,15881,3.86E+09
TF1706,49:37.0,99.245,3890,99.24,13,99.245,5,15881,3.86E+09
TF1706,49:38.0,99.245,3891,99.24,13,99.245,5,15880,3.86E+09
TF1706,49:40.5,99.245,3891,99.245,1,99.25,27,15880,3.86E+09
TF1706,49:46.0,99.245,3891,99.245,1,99.25,27,15880,3.86E+09
TF1706,49:46.5,99.245,3893,99.24,13,99.245,1,15880,3.87E+09
TF1706,49:47.5,99.24,3895,99.24,12,99.245,1,15880,3.87E+09
TF1706,49:50.5,99.245,3896,99.24,12,99.25,27,15880,3.87E+09
TF1706,49:51.0,99.245,3896,99.24,12,99.25,8,15880,3.87E+09
TF1706,49:53.5,99.245,3896,99.245,1,99.25,8,15880,3.87E+09
TF1706,49:54.0,99.245,3896,99.245,3,99.25,8,15880,3.87E+09
TF1706,49:54.5,99.245,3896,99.245,3,99.25,2,15880,3.87E+09
TF1706,49:55.0,99.25,3898,99.25,2,99.255,7,15880,3.87E+09
TF1706,49:55.5,99.25,3900,99.245,3,99.255,8,15879,3.87E+09
TF1706,49:56.0,99.25,3900,99.245,3,99.255,7,15879,3.87E+09
TF1706,49:56.5,99.25,3900,99.245,3,99.255,15,15879,3.87E+09
TF1706,49:57.0,99.25,3900,99.245,3,99.25,6,15879,3.87E+09
TF1706,49:57.5,99.25,3900,99.245,3,99.25,4,15879,3.87E+09
TF1706,50:01.5,99.245,3903,99.24,13,99.25,5,15877,3.88E+09
TF1706,50:02.0,99.245,3903,99.24,13,99.25,5,15877,3.88E+09
TF1706,50:02.5,99.245,3903,99.24,13,99.25,16,15877,3.88E+09
TF1706,50:03.0,99.24,3905,99.24,11,99.245,3,15879,3.88E+09
TF1706,50:03.5,99.24,3907,99.24,9,99.245,21,15881,3.88E+09
TF1706,50:04.0,99.24,3908,99.24,8,99.245,21,15882,3.88E+09
TF1706,50:04.5,99.24,3910,99.24,6,99.245,21,15882,3.88E+09
TF1706,50:05.0,99.24,3910,99.24,6,99.245,21,15882,3.88E+09
TF1706,50:05.5,99.24,3912,99.24,4,99.245,21,15883,3.88E+09
TF1706,50:06.0,99.24,3916,99.235,4,99.24,5,15883,3.89E+09
TF1706,50:06.5,99.24,3916,99.235,4,99.24,24,15883,3.89E+09
TF1706,50:07.0,99.24,3916,99.235,3,99.24,28,15883,3.89E+09
TF1706,50:08.5,99.235,3917,99.235,2,99.24,26,15883,3.89E+09
TF1706,50:09.0,99.23,3920,99.23,9,99.24,26,15885,3.89E+09
TF1706,50:09.5,99.23,3920,99.23,9,99.235,2,15885,3.89E+09
TF1706,50:10.0,99.23,3920,99.23,9,99.235,7,15885,3.89E+09
TF1706,50:10.5,99.23,3929,99.225,1,99.23,3,15884,3.90E+09
TF1706,50:11.0,99.225,3930,99.215,1,99.225,2,15884,3.90E+09
TF1706,50:11.5,99.225,3932,99.225,6,99.23,11,15883,3.90E+09
TF1706,50:12.0,99.225,3933,99.22,4,99.23,2,15883,3.91E+09
TF1706,50:12.5,99.23,3935,99.225,6,99.235,11,15883,3.91E+09
TF1706,50:13.0,99.23,3935,99.22,4,99.235,11,15883,3.91E+09
TF1706,50:13.5,99.23,3935,99.22,4,99.235,11,15883,3.91E+09
TF1706,50:14.0,99.23,3935,99.22,5,99.23,1,15883,3.91E+09
TF1706,50:14.5,99.23,3935,99.22,3,99.23,14,15883,3.91E+09
TF1706,50:15.0,99.22,3937,99.215,2,99.225,4,15884,3.91E+09
TF1706,50:15.5,99.215,3938,99.215,1,99.225,17,15884,3.91E+09
TF1706,50:16.0,99.215,3939,99.205,2,99.215,1,15885,3.91E+09
TF1706,50:16.5,99.215,3940,99.215,6,99.22,2,15885,3.91E+09
TF1706,50:17.0,99.22,3941,99.21,5,99.22,2,15884,3.91E+09
TF1706,50:17.5,99.22,3942,99.215,9,99.22,1,15884,3.91E+09
TF1706,50:18.0,99.22,3943,99.22,7,99.225,9,15884,3.92E+09
TF1706,50:18.5,99.22,3943,99.22,3,99.225,13,15884,3.92E+09
TF1706,50:19.0,99.22,3946,99.215,3,99.225,15,15884,3.92E+09
TF1706,50:19.5,99.22,3946,99.215,3,99.225,13,15884,3.92E+09
TF1706,50:20.0,99.22,3946,99.215,3,99.225,1,15884,3.92E+09
TF1706,50:20.5,99.22,3946,99.22,5,99.225,1,15884,3.92E+09
TF1706,50:21.0,99.22,3946,99.22,3,99.225,1,15884,3.92E+09
TF1706,50:21.5,99.22,3946,99.22,1,99.225,1,15884,3.92E+09
TF1706,50:22.0,99.22,3946,99.22,1,99.225,2,15884,3.92E+09
TF1706,50:23.0,99.22,3947,99.215,3,99.225,11,15883,3.92E+09
TF1706,50:23.5,99.22,3947,99.22,3,99.225,6,15883,3.92E+09
TF1706,50:24.0,99.22,3947,99.22,3,99.225,2,15883,3.92E+09
TF1706,50:24.5,99.22,3947,99.22,2,99.225,2,15883,3.92E+09
TF1706,50:26.0,99.22,3947,99.22,2,99.225,2,15883,3.92E+09
TF1706,50:26.5,99.225,3949,99.225,3,99.23,12,15882,3.92E+09
TF1706,50:27.0,99.225,3949,99.225,4,99.23,3,15882,3.92E+09
TF1706,50:27.5,99.225,3949,99.225,4,99.23,2,15882,3.92E+09
TF1706,50:29.0,99.235,3957,99.225,4,99.235,5,15889,3.93E+09
TF1706,50:29.5,99.235,3958,99.23,3,99.24,7,15889,3.93E+09
TF1706,50:30.0,99.235,3958,99.23,4,99.24,1,15889,3.93E+09
TF1706,50:30.5,99.235,3958,99.235,3,99.245,3,15889,3.93E+09
TF1706,50:31.0,99.235,3958,99.235,6,99.245,3,15889,3.93E+09
TF1706,50:31.5,99.235,3964,99.23,2,99.245,10,15886,3.94E+09
TF1706,50:32.0,99.235,3964,99.23,2,99.245,10,15886,3.94E+09
TF1706,50:32.5,99.235,3964,99.23,2,99.24,5,15886,3.94E+09
TF1706,50:33.0,99.235,3964,99.23,2,99.24,3,15886,3.94E+09
TF1706,50:33.5,99.235,3964,99.23,3,99.24,3,15886,3.94E+09
TF1706,50:34.0,99.235,3964,99.23,3,99.24,3,15886,3.94E+09
TF1706,50:36.0,99.24,3965,99.235,2,99.24,2,15885,3.94E+09
TF1706,50:36.5,99.24,3967,99.235,3,99.245,4,15887,3.94E+09
TF1706,50:37.5,99.24,3967,99.235,1,99.245,4,15887,3.94E+09
TF1706,50:38.0,99.24,3967,99.235,1,99.245,4,15887,3.94E+09
TF1706,50:38.5,99.24,3967,99.235,1,99.245,4,15887,3.94E+09
TF1706,50:40.0,99.24,3967,99.235,1,99.245,4,15887,3.94E+09
TF1706,50:41.0,99.24,3967,99.235,1,99.245,4,15887,3.94E+09
TF1706,50:41.5,99.24,3967,99.235,1,99.245,7,15887,3.94E+09
TF1706,50:42.0,99.24,3967,99.235,1,99.245,3,15887,3.94E+09
TF1706,50:42.5,99.235,3968,99.23,3,99.24,2,15886,3.94E+09
TF1706,50:43.0,99.235,3968,99.23,3,99.245,7,15886,3.94E+09
TF1706,50:44.5,99.235,3968,99.23,3,99.245,13,15886,3.94E+09
TF1706,50:45.0,99.235,3968,99.235,10,99.24,2,15886,3.94E+09
TF1706,50:45.5,99.24,3970,99.24,10,99.245,3,15884,3.94E+09
TF1706,50:46.0,99.24,3970,99.24,2,99.245,3,15884,3.94E+09
TF1706,50:46.5,99.24,3970,99.24,3,99.245,3,15884,3.94E+09
TF1706,50:47.0,99.24,3970,99.24,2,99.245,3,15884,3.94E+09
TF1706,50:47.5,99.24,3970,99.24,2,99.245,3,15884,3.94E+09
TF1706,50:48.0,99.24,3970,99.24,2,99.245,3,15884,3.94E+09
TF1706,50:50.0,99.24,3970,99.24,2,99.245,3,15884,3.94E+09
TF1706,50:50.5,99.24,3970,99.24,2,99.245,7,15884,3.94E+09
TF1706,50:51.5,99.24,3971,99.24,1,99.245,7,15884,3.94E+09
TF1706,50:52.0,99.24,3972,99.235,10,99.24,3,15884,3.94E+09
TF1706,50:52.5,99.24,3972,99.235,10,99.24,3,15884,3.94E+09
TF1706,50:53.0,99.24,3972,99.235,10,99.24,3,15884,3.94E+09
TF1706,50:55.5,99.24,3972,99.235,10,99.24,9,15884,3.94E+09
TF1706,50:56.0,99.24,3972,99.235,10,99.24,2,15884,3.94E+09
TF1706,50:56.5,99.24,3972,99.235,11,99.24,2,15884,3.94E+09
TF1706,50:57.0,99.24,3972,99.235,11,99.24,8,15884,3.94E+09
TF1706,50:57.5,99.24,3972,99.235,11,99.24,6,15884,3.94E+09
TF1706,50:58.5,99.24,3972,99.235,11,99.24,2,15884,3.94E+09
TF1706,50:59.5,99.24,3972,99.235,11,99.24,12,15884,3.94E+09
TF1706,51:00.0,99.24,3973,99.235,11,99.24,11,15883,3.95E+09
TF1706,51:01.0,99.24,3973,99.235,11,99.24,1,15883,3.95E+09
TF1706,51:01.5,99.235,3974,99.235,10,99.24,8,15883,3.95E+09
TF1706,51:02.0,99.24,3976,99.235,10,99.24,10,15885,3.95E+09
TF1706,51:02.5,99.24,3976,99.235,10,99.24,4,15885,3.95E+09
TF1706,51:03.5,99.24,3976,99.235,10,99.245,9,15885,3.95E+09
TF1706,51:04.0,99.24,3976,99.235,10,99.245,13,15885,3.95E+09
TF1706,51:06.0,99.24,3976,99.235,10,99.245,7,15885,3.95E+09
TF1706,51:06.5,99.235,3977,99.235,9,99.24,3,15885,3.95E+09
TF1706,51:07.0,99.235,3980,99.235,5,99.245,15,15885,3.95E+09
TF1706,51:07.5,99.235,3980,99.235,5,99.24,5,15885,3.95E+09
TF1706,51:11.0,99.245,3988,99.235,6,99.24,4,15886,3.96E+09
TF1706,51:11.5,99.24,3992,99.24,15,99.25,1,15883,3.96E+09
TF1706,51:12.0,99.245,3996,99.24,10,99.25,1,15883,3.97E+09
TF1706,51:12.5,99.245,3996,99.24,6,99.245,4,15883,3.97E+09
TF1706,51:13.0,99.245,3996,99.24,7,99.245,4,15883,3.97E+09
TF1706,51:13.5,99.245,4000,99.245,4,99.25,1,15879,3.97E+09
TF1706,51:14.0,99.25,4001,99.25,3,99.255,7,15880,3.97E+09
TF1706,51:14.5,99.25,4001,99.245,1,99.255,7,15880,3.97E+09
TF1706,51:15.0,99.25,4001,99.245,1,99.255,7,15880,3.97E+09
TF1706,51:16.5,99.25,4001,99.245,1,99.25,3,15880,3.97E+09
TF1706,51:17.0,99.25,4001,99.245,1,99.255,7,15880,3.97E+09
TF1706,51:17.5,99.25,4001,99.245,1,99.25,3,15880,3.97E+09
TF1706,51:18.0,99.25,4001,99.245,1,99.25,2,15880,3.97E+09
TF1706,51:18.5,99.25,4001,99.25,1,99.255,7,15880,3.97E+09
TF1706,51:19.0,99.25,4002,99.245,1,99.25,1,15879,3.97E+09
TF1706,51:19.5,99.25,4002,99.245,1,99.25,1,15879,3.97E+09
TF1706,51:21.0,99.25,4002,99.245,1,99.25,1,15879,3.97E+09
TF1706,51:25.5,99.245,4003,99.24,2,99.25,1,15878,3.97E+09
TF1706,51:26.0,99.245,4003,99.24,2,99.25,1,15878,3.97E+09
TF1706,51:28.0,99.245,4003,99.24,3,99.25,1,15878,3.97E+09
TF1706,51:30.0,99.245,4003,99.24,3,99.25,1,15878,3.97E+09
TF1706,51:33.0,99.245,4003,99.24,3,99.25,1,15878,3.97E+09
TF1706,51:33.5,99.245,4003,99.245,5,99.25,1,15878,3.97E+09
TF1706,51:34.0,99.245,4003,99.245,6,99.25,1,15878,3.97E+09
TF1706,51:34.5,99.245,4003,99.245,6,99.25,1,15878,3.97E+09
TF1706,51:37.0,99.25,4004,99.245,6,99.255,7,15877,3.98E+09
TF1706,51:38.0,99.25,4004,99.245,7,99.255,1,15877,3.98E+09
TF1706,51:38.5,99.25,4004,99.25,1,99.255,1,15877,3.98E+09
TF1706,51:39.0,99.25,4004,99.25,2,99.255,1,15877,3.98E+09
TF1706,51:42.5,99.255,4005,99.25,2,99.26,7,15877,3.98E+09
TF1706,51:43.0,99.255,4005,99.25,2,99.255,3,15877,3.98E+09
TF1706,51:43.5,99.25,4007,99.25,1,99.255,9,15877,3.98E+09
TF1706,51:44.0,99.25,4009,99.245,7,99.255,9,15875,3.98E+09
TF1706,51:45.0,99.25,4009,99.245,8,99.255,3,15875,3.98E+09
TF1706,51:48.5,99.25,4009,99.245,8,99.255,3,15875,3.98E+09
TF1706,51:49.0,99.25,4013,99.25,9,99.26,1,15874,3.98E+09
TF1706,51:49.5,99.25,4014,99.25,4,99.26,1,15875,3.99E+09
TF1706,51:50.5,99.25,4014,99.25,4,99.255,1,15875,3.99E+09
TF1706,51:51.0,99.25,4014,99.25,4,99.26,7,15875,3.99E+09
TF1706,51:51.5,99.25,4014,99.25,4,99.26,7,15875,3.99E+09
TF1706,51:53.5,99.25,4014,99.25,4,99.26,7,15875,3.99E+09
TF1706,51:55.0,99.25,4014,99.25,4,99.26,7,15875,3.99E+09
TF1706,51:55.5,99.25,4014,99.25,4,99.26,7,15875,3.99E+09
TF1706,51:58.5,99.25,4014,99.25,2,99.26,7,15875,3.99E+09
TF1706,51:59.0,99.25,4014,99.25,2,99.26,1,15875,3.99E+09
TF1706,52:00.5,99.25,4014,99.25,2,99.26,1,15875,3.99E+09
TF1706,52:03.5,99.26,4015,99.25,2,99.265,2,15876,3.99E+09
TF1706,52:04.0,99.26,4015,99.25,2,99.265,8,15876,3.99E+09
TF1706,52:04.5,99.26,4015,99.25,2,99.26,1,15876,3.99E+09
TF1706,52:05.0,99.26,4015,99.25,2,99.26,1,15876,3.99E+09
TF1706,52:06.0,99.26,4015,99.25,2,99.26,1,15876,3.99E+09
TF1706,52:09.0,99.26,4015,99.25,2,99.26,1,15876,3.99E+09
TF1706,52:15.0,99.26,4015,99.255,1,99.26,1,15876,3.99E+09
TF1706,52:15.5,99.26,4016,99.255,2,99.265,2,15876,3.99E+09
TF1706,52:16.0,99.26,4016,99.255,2,99.265,2,15876,3.99E+09
TF1706,52:16.5,99.26,4016,99.255,2,99.26,1,15876,3.99E+09
TF1706,52:17.0,99.26,4017,99.26,2,99.265,2,15876,3.99E+09
TF1706,52:17.5,99.26,4017,99.26,1,99.265,2,15876,3.99E+09
TF1706,52:18.0,99.26,4017,99.26,1,99.265,1,15876,3.99E+09
TF1706,52:23.0,99.26,4017,99.26,1,99.265,1,15876,3.99E+09
TF1706,52:27.5,99.265,4018,99.265,1,99.27,4,15877,3.99E+09
TF1706,52:28.0,99.265,4019,99.26,1,99.27,4,15877,3.99E+09
TF1706,52:29.0,99.265,4019,99.26,1,99.265,4,15877,3.99E+09
TF1706,52:33.0,99.265,4020,99.26,1,99.27,8,15877,3.99E+09
TF1706,52:33.5,99.265,4020,99.26,1,99.27,8,15877,3.99E+09
TF1706,52:34.0,99.265,4020,99.26,1,99.27,8,15877,3.99E+09
TF1706,52:34.5,99.265,4020,99.26,1,99.27,8,15877,3.99E+09
TF1706,52:36.0,99.265,4020,99.26,1,99.265,1,15877,3.99E+09
TF1706,52:40.0,99.265,4020,99.26,1,99.265,1,15877,3.99E+09
TF1706,52:41.5,99.265,4020,99.26,2,99.265,1,15877,3.99E+09
TF1706,52:42.0,99.265,4020,99.26,2,99.265,1,15877,3.99E+09
TF1706,52:42.5,99.265,4020,99.26,2,99.265,1,15877,3.99E+09
TF1706,52:45.0,99.26,4022,99.255,3,99.265,1,15876,3.99E+09
TF1706,52:45.5,99.26,4022,99.255,3,99.265,1,15876,3.99E+09
TF1706,52:46.0,99.26,4022,99.255,3,99.265,2,15876,3.99E+09
TF1706,52:48.0,99.26,4022,99.255,3,99.265,2,15876,3.99E+09
TF1706,52:48.5,99.26,4022,99.255,3,99.265,7,15876,3.99E+09
TF1706,52:52.5,99.26,4022,99.26,1,99.265,7,15876,3.99E+09
TF1706,52:53.0,99.26,4023,99.255,3,99.26,6,15875,3.99E+09
TF1706,52:53.5,99.26,4023,99.255,3,99.26,2,15875,3.99E+09
TF1706,52:55.0,99.26,4025,99.26,3,99.265,7,15876,4.00E+09
TF1706,52:55.5,99.26,4025,99.26,3,99.265,7,15876,4.00E+09
TF1706,52:57.0,99.26,4025,99.26,3,99.265,3,15876,4.00E+09
TF1706,52:57.5,99.26,4025,99.26,4,99.265,3,15876,4.00E+09
TF1706,52:58.0,99.26,4025,99.26,5,99.265,3,15876,4.00E+09
TF1706,52:58.5,99.26,4025,99.26,5,99.265,3,15876,4.00E+09
TF1706,52:59.0,99.26,4025,99.26,5,99.265,2,15876,4.00E+09
TF1706,53:01.0,99.26,4025,99.26,5,99.265,2,15876,4.00E+09
TF1706,53:04.5,99.26,4025,99.26,5,99.265,2,15876,4.00E+09
TF1706,53:08.0,99.26,4025,99.26,5,99.265,2,15876,4.00E+09
TF1706,53:09.5,99.26,4025,99.26,4,99.265,2,15876,4.00E+09
TF1706,53:10.5,99.26,4025,99.26,4,99.265,2,15876,4.00E+09
TF1706,53:11.0,99.26,4025,99.26,4,99.265,6,15876,4.00E+09
TF1706,53:11.5,99.26,4025,99.26,4,99.265,2,15876,4.00E+09
TF1706,53:16.5,99.26,4025,99.26,4,99.265,2,15876,4.00E+09
TF1706,53:21.5,99.26,4025,99.26,4,99.265,2,15876,4.00E+09
TF1706,53:25.0,99.26,4025,99.26,5,99.265,2,15876,4.00E+09
TF1706,53:25.5,99.26,4025,99.26,5,99.265,2,15876,4.00E+09
TF1706,53:30.0,99.265,4027,99.26,5,99.27,8,15875,4.00E+09
TF1706,53:30.5,99.265,4027,99.26,5,99.27,8,15875,4.00E+09
TF1706,53:35.5,99.265,4027,99.26,5,99.27,8,15875,4.00E+09
TF1706,53:40.0,99.265,4027,99.26,5,99.27,8,15875,4.00E+09
TF1706,53:44.5,99.265,4027,99.26,5,99.27,8,15875,4.00E+09
TF1706,53:47.5,99.265,4027,99.26,5,99.27,8,15875,4.00E+09
TF1706,53:59.5,99.265,4027,99.26,5,99.27,8,15875,4.00E+09
TF1706,54:24.5,99.265,4027,99.26,6,99.27,8,15875,4.00E+09
TF1706,54:25.5,99.265,4027,99.26,6,99.27,4,15875,4.00E+09
TF1706,54:26.0,99.265,4027,99.26,6,99.265,4,15875,4.00E+09
TF1706,54:27.5,99.265,4027,99.26,5,99.265,4,15875,4.00E+09
TF1706,54:35.5,99.265,4027,99.26,6,99.265,4,15875,4.00E+09
TF1706,54:36.0,99.265,4027,99.26,5,99.27,8,15875,4.00E+09
TF1706,54:36.5,99.265,4027,99.26,5,99.27,4,15875,4.00E+09
TF1706,54:37.0,99.265,4027,99.26,6,99.265,4,15875,4.00E+09
TF1706,54:37.5,99.265,4028,99.26,6,99.27,8,15874,4.00E+09
TF1706,54:38.0,99.265,4028,99.26,6,99.27,4,15874,4.00E+09
TF1706,54:38.5,99.265,4028,99.26,6,99.265,4,15874,4.00E+09
TF1706,54:40.5,99.265,4028,99.26,6,99.27,8,15874,4.00E+09
TF1706,54:41.0,99.265,4028,99.26,6,99.27,4,15874,4.00E+09
TF1706,54:41.5,99.265,4028,99.26,6,99.265,4,15874,4.00E+09
TF1706,54:42.0,99.265,4028,99.26,6,99.27,8,15874,4.00E+09
TF1706,54:43.5,99.265,4028,99.26,6,99.27,4,15874,4.00E+09
TF1706,54:44.0,99.265,4028,99.26,6,99.27,8,15874,4.00E+09
TF1706,54:46.5,99.265,4028,99.26,6,99.27,8,15874,4.00E+09
TF1706,54:51.0,99.265,4028,99.26,6,99.27,4,15874,4.00E+09
TF1706,54:51.5,99.265,4028,99.26,6,99.27,8,15874,4.00E+09
TF1706,54:57.0,99.265,4028,99.26,6,99.27,8,15874,4.00E+09
TF1706,55:01.5,99.265,4028,99.26,6,99.27,9,15874,4.00E+09
TF1706,55:02.0,99.265,4028,99.26,6,99.27,5,15874,4.00E+09
TF1706,55:03.0,99.265,4028,99.26,6,99.265,4,15874,4.00E+09
TF1706,55:04.5,99.265,4028,99.26,6,99.27,9,15874,4.00E+09
TF1706,55:07.0,99.265,4028,99.26,6,99.27,9,15874,4.00E+09
TF1706,55:09.0,99.265,4028,99.26,6,99.27,5,15874,4.00E+09
TF1706,55:09.5,99.265,4028,99.26,6,99.265,4,15874,4.00E+09
TF1706,55:10.0,99.265,4028,99.26,6,99.27,9,15874,4.00E+09
TF1706,55:23.5,99.265,4028,99.26,3,99.27,9,15874,4.00E+09
TF1706,55:24.0,99.27,4031,99.26,3,99.27,6,15875,4.00E+09
TF1706,55:30.5,99.27,4031,99.26,4,99.27,6,15875,4.00E+09
TF1706,55:38.0,99.27,4031,99.26,14,99.27,6,15875,4.00E+09
TF1706,55:45.0,99.27,4031,99.265,1,99.27,6,15875,4.00E+09
TF1706,55:45.5,99.27,4031,99.265,3,99.27,6,15875,4.00E+09
TF1706,55:46.0,99.27,4031,99.265,4,99.27,6,15875,4.00E+09
TF1706,55:46.5,99.27,4031,99.265,4,99.27,6,15875,4.00E+09
TF1706,55:49.0,99.27,4031,99.265,4,99.27,6,15875,4.00E+09
TF1706,55:49.5,99.27,4031,99.265,4,99.27,6,15875,4.00E+09
TF1706,55:51.5,99.27,4031,99.265,4,99.27,5,15875,4.00E+09
TF1706,55:52.0,99.27,4031,99.265,4,99.27,5,15875,4.00E+09
TF1706,55:54.0,99.27,4031,99.265,4,99.27,5,15875,4.00E+09
TF1706,55:56.5,99.27,4031,99.265,14,99.27,5,15875,4.00E+09
TF1706,55:59.5,99.27,4033,99.265,15,99.275,3,15874,4.00E+09
TF1706,56:00.0,99.27,4033,99.265,15,99.275,3,15874,4.00E+09
TF1706,56:00.5,99.27,4033,99.27,2,99.275,7,15874,4.00E+09
TF1706,56:01.0,99.27,4033,99.27,5,99.275,7,15874,4.00E+09
TF1706,56:01.5,99.27,4033,99.27,4,99.275,7,15874,4.00E+09
TF1706,56:04.0,99.275,4040,99.275,3,99.28,2,15876,4.01E+09
TF1706,56:04.5,99.275,4044,99.27,3,99.275,14,15875,4.02E+09
TF1706,56:05.0,99.275,4044,99.27,3,99.275,7,15875,4.02E+09
TF1706,56:06.0,99.27,4046,99.27,1,99.275,5,15874,4.02E+09
TF1706,56:08.5,99.265,4050,99.26,4,99.27,1,15871,4.02E+09
TF1706,56:09.0,99.265,4050,99.265,1,99.27,1,15871,4.02E+09
TF1706,56:09.5,99.265,4050,99.265,1,99.27,5,15871,4.02E+09
TF1706,56:10.0,99.265,4050,99.265,1,99.27,6,15871,4.02E+09
TF1706,56:14.0,99.265,4051,99.26,4,99.265,2,15871,4.02E+09
TF1706,56:15.0,99.265,4051,99.26,4,99.265,2,15871,4.02E+09
TF1706,56:16.5,99.265,4051,99.26,4,99.265,2,15871,4.02E+09
TF1706,56:19.5,99.265,4051,99.26,4,99.265,2,15871,4.02E+09
TF1706,56:25.5,99.26,4055,99.255,3,99.26,1,15871,4.03E+09
TF1706,56:26.0,99.26,4056,99.26,7,99.265,1,15871,4.03E+09
TF1706,56:26.5,99.26,4056,99.26,2,99.265,2,15871,4.03E+09
TF1706,56:27.0,99.26,4056,99.26,2,99.265,2,15871,4.03E+09
TF1706,56:27.5,99.26,4056,99.26,1,99.265,3,15871,4.03E+09
TF1706,56:29.0,99.26,4056,99.26,1,99.265,3,15871,4.03E+09
TF1706,56:29.5,99.26,4057,99.255,3,99.265,7,15872,4.03E+09
TF1706,56:32.0,99.26,4057,99.255,3,99.265,3,15872,4.03E+09
TF1706,56:32.5,99.26,4057,99.255,3,99.265,3,15872,4.03E+09
TF1706,56:33.0,99.26,4057,99.255,3,99.265,7,15872,4.03E+09
TF1706,56:34.5,99.245,4062,99.245,1,99.26,1,15872,4.03E+09
TF1706,56:35.0,99.245,4062,99.24,2,99.25,6,15872,4.03E+09
TF1706,56:35.5,99.245,4062,99.25,1,99.255,5,15872,4.03E+09
TF1706,56:36.0,99.25,4063,99.245,2,99.25,9,15871,4.03E+09
TF1706,56:36.5,99.25,4064,99.245,1,99.25,1,15870,4.04E+09
TF1706,56:37.0,99.25,4064,99.245,1,99.25,2,15870,4.04E+09
TF1706,56:38.5,99.25,4064,99.245,1,99.25,3,15870,4.04E+09
TF1706,56:39.0,99.25,4064,99.245,1,99.25,3,15870,4.04E+09
TF1706,56:40.0,99.25,4067,99.25,1,99.255,2,15869,4.04E+09
TF1706,56:40.5,99.25,4067,99.25,1,99.255,1,15869,4.04E+09
TF1706,56:41.0,99.25,4067,99.24,2,99.255,1,15869,4.04E+09
TF1706,56:41.5,99.25,4067,99.25,1,99.255,1,15869,4.04E+09
TF1706,56:42.0,99.25,4067,99.25,1,99.255,1,15869,4.04E+09
TF1706,56:43.0,99.25,4067,99.245,4,99.255,2,15869,4.04E+09
TF1706,56:43.5,99.25,4067,99.25,1,99.255,2,15869,4.04E+09
TF1706,56:44.0,99.25,4067,99.245,4,99.255,2,15869,4.04E+09
TF1706,56:46.0,99.245,4068,99.245,3,99.255,2,15869,4.04E+09
TF1706,56:46.5,99.245,4068,99.25,1,99.255,2,15869,4.04E+09
TF1706,56:47.0,99.245,4068,99.25,1,99.255,2,15869,4.04E+09
TF1706,56:48.5,99.245,4068,99.245,3,99.255,2,15869,4.04E+09
TF1706,56:53.5,99.245,4068,99.25,1,99.255,2,15869,4.04E+09
TF1706,56:54.0,99.245,4068,99.25,4,99.255,1,15869,4.04E+09
TF1706,56:54.5,99.255,4069,99.255,3,99.26,1,15870,4.04E+09
TF1706,56:55.0,99.255,4069,99.255,3,99.26,2,15870,4.04E+09
TF1706,56:55.5,99.255,4070,99.25,1,99.26,2,15871,4.04E+09
TF1706,56:56.0,99.255,4070,99.25,1,99.26,2,15871,4.04E+09
TF1706,56:59.5,99.255,4070,99.245,2,99.26,2,15871,4.04E+09
TF1706,57:00.0,99.255,4070,99.245,2,99.25,6,15871,4.04E+09
TF1706,57:00.5,99.255,4070,99.245,2,99.25,1,15871,4.04E+09
TF1706,57:01.0,99.245,4072,99.24,2,99.245,2,15869,4.04E+09
TF1706,57:01.5,99.245,4072,99.245,2,99.25,1,15869,4.04E+09
TF1706,57:02.0,99.245,4072,99.245,2,99.25,1,15869,4.04E+09
TF1706,57:02.5,99.245,4072,99.245,2,99.25,1,15869,4.04E+09
TF1706,57:03.0,99.245,4072,99.245,2,99.25,1,15869,4.04E+09
TF1706,57:04.0,99.245,4072,99.245,2,99.25,1,15869,4.04E+09
TF1706,57:07.5,99.245,4072,99.245,2,99.25,1,15869,4.04E+09
TF1706,57:08.0,99.245,4072,99.245,2,99.25,1,15869,4.04E+09
TF1706,57:08.5,99.245,4074,99.24,3,99.245,2,15867,4.05E+09
TF1706,57:09.0,99.245,4074,99.24,3,99.25,1,15867,4.05E+09
TF1706,57:10.0,99.245,4074,99.245,2,99.25,1,15867,4.05E+09
TF1706,57:10.5,99.245,4074,99.24,3,99.25,1,15867,4.05E+09
TF1706,57:11.0,99.245,4074,99.24,3,99.25,1,15867,4.05E+09
TF1706,57:13.5,99.245,4074,99.24,3,99.25,1,15867,4.05E+09
TF1706,57:14.0,99.245,4074,99.245,2,99.25,1,15867,4.05E+09
TF1706,57:15.5,99.245,4074,99.24,3,99.25,1,15867,4.05E+09
TF1706,57:16.0,99.245,4074,99.245,3,99.25,1,15867,4.05E+09
TF1706,57:18.5,99.245,4074,99.245,3,99.25,1,15867,4.05E+09
TF1706,57:21.0,99.245,4074,99.24,4,99.25,1,15867,4.05E+09
TF1706,57:21.5,99.245,4074,99.24,4,99.245,10,15867,4.05E+09
TF1706,57:22.5,99.245,4081,99.24,4,99.245,3,15870,4.05E+09
TF1706,57:23.0,99.245,4081,99.24,4,99.245,3,15870,4.05E+09
TF1706,57:24.0,99.245,4081,99.24,6,99.245,3,15870,4.05E+09
TF1706,57:24.5,99.245,4084,99.245,4,99.25,1,15870,4.06E+09
TF1706,57:25.0,99.245,4084,99.245,3,99.25,1,15870,4.06E+09
TF1706,57:26.5,99.245,4084,99.245,1,99.25,1,15870,4.06E+09
TF1706,57:27.0,99.245,4084,99.24,5,99.25,2,15870,4.06E+09
TF1706,57:27.5,99.245,4084,99.24,6,99.25,2,15870,4.06E+09
TF1706,57:28.0,99.245,4084,99.24,6,99.25,2,15870,4.06E+09
TF1706,57:29.5,99.245,4084,99.24,6,99.25,2,15870,4.06E+09
TF1706,57:34.0,99.245,4084,99.24,6,99.25,2,15870,4.06E+09
TF1706,57:39.5,99.24,4090,99.235,4,99.24,4,15873,4.06E+09
TF1706,57:40.0,99.24,4094,99.24,6,99.25,2,15873,4.07E+09
TF1706,57:40.5,99.24,4094,99.24,5,99.245,1,15873,4.07E+09
TF1706,57:41.0,99.24,4094,99.24,5,99.25,2,15873,4.07E+09
TF1706,57:42.0,99.24,4094,99.245,2,99.25,2,15873,4.07E+09
TF1706,57:42.5,99.24,4094,99.24,3,99.25,2,15873,4.07E+09
TF1706,57:43.0,99.24,4094,99.24,3,99.25,2,15873,4.07E+09
TF1706,57:44.5,99.24,4094,99.24,3,99.25,2,15873,4.07E+09
TF1706,57:45.5,99.24,4097,99.235,4,99.24,7,15873,4.07E+09
TF1706,57:46.0,99.24,4100,99.235,4,99.24,4,15874,4.07E+09
TF1706,57:47.5,99.24,4104,99.24,2,99.25,2,15875,4.08E+09
TF1706,57:48.0,99.24,4104,99.24,2,99.245,1,15875,4.08E+09
TF1706,57:48.5,99.24,4104,99.24,2,99.245,1,15875,4.08E+09
TF1706,57:49.0,99.24,4104,99.24,2,99.245,1,15875,4.08E+09
TF1706,57:52.0,99.24,4104,99.24,2,99.245,1,15875,4.08E+09
TF1706,57:52.5,99.24,4106,99.235,4,99.245,1,15877,4.08E+09
TF1706,57:53.0,99.24,4106,99.235,4,99.245,1,15877,4.08E+09
TF1706,57:54.5,99.24,4106,99.235,4,99.245,1,15877,4.08E+09
TF1706,57:58.5,99.24,4106,99.235,4,99.245,1,15877,4.08E+09
TF1706,58:01.0,99.24,4106,99.235,4,99.245,1,15877,4.08E+09
TF1706,58:01.5,99.24,4106,99.235,4,99.245,2,15877,4.08E+09
TF1706,58:02.0,99.24,4106,99.235,4,99.245,3,15877,4.08E+09
TF1706,58:12.5,99.24,4107,99.235,4,99.24,1,15876,4.08E+09
TF1706,58:13.0,99.24,4107,99.235,4,99.24,2,15876,4.08E+09
TF1706,58:18.5,99.24,4107,99.235,4,99.24,2,15876,4.08E+09
TF1706,58:19.5,99.24,4107,99.235,4,99.24,2,15876,4.08E+09
TF1706,58:20.0,99.24,4108,99.24,2,99.245,3,15876,4.08E+09
TF1706,58:20.5,99.24,4109,99.24,1,99.245,3,15875,4.08E+09
TF1706,58:21.0,99.24,4110,99.235,4,99.245,3,15874,4.08E+09
TF1706,58:23.5,99.24,4110,99.235,4,99.245,3,15874,4.08E+09
TF1706,58:26.0,99.24,4110,99.235,5,99.245,3,15874,4.08E+09
TF1706,58:27.0,99.24,4110,99.235,6,99.245,3,15874,4.08E+09
TF1706,58:33.0,99.24,4110,99.235,6,99.245,3,15874,4.08E+09
TF1706,58:33.5,99.24,4110,99.235,6,99.24,1,15874,4.08E+09
TF1706,58:34.0,99.24,4110,99.235,7,99.24,1,15874,4.08E+09
TF1706,58:34.5,99.24,4111,99.24,2,99.245,3,15875,4.08E+09
TF1706,58:35.0,99.24,4111,99.24,2,99.245,3,15875,4.08E+09
TF1706,58:36.5,99.24,4111,99.24,2,99.245,3,15875,4.08E+09
TF1706,58:40.5,99.24,4113,99.235,7,99.24,8,15877,4.08E+09
TF1706,58:41.5,99.24,4113,99.235,7,99.245,3,15877,4.08E+09
TF1706,58:42.0,99.24,4113,99.24,1,99.245,3,15877,4.08E+09
TF1706,58:43.5,99.24,4113,99.24,1,99.245,2,15877,4.08E+09
TF1706,58:46.5,99.24,4113,99.24,1,99.245,2,15877,4.08E+09
TF1706,58:50.0,99.24,4113,99.24,1,99.245,2,15877,4.08E+09
TF1706,58:51.0,99.24,4114,99.235,7,99.24,9,15877,4.09E+09
TF1706,58:52.5,99.24,4114,99.235,7,99.245,2,15877,4.09E+09
TF1706,59:00.5,99.24,4114,99.235,7,99.245,3,15877,4.09E+09
TF1706,59:01.0,99.24,4114,99.235,7,99.245,3,15877,4.09E+09
TF1706,59:12.5,99.24,4114,99.235,7,99.245,3,15877,4.09E+09
TF1706,59:13.0,99.24,4114,99.235,6,99.245,3,15877,4.09E+09
TF1706,59:15.0,99.235,4119,99.235,1,99.245,3,15879,4.09E+09
TF1706,59:15.5,99.235,4120,99.23,1,99.24,3,15879,4.09E+09
TF1706,59:16.0,99.235,4120,99.23,1,99.235,1,15879,4.09E+09
TF1706,59:16.5,99.235,4120,99.23,1,99.235,1,15879,4.09E+09
TF1706,59:17.0,99.235,4120,99.23,1,99.235,2,15879,4.09E+09
TF1706,59:19.0,99.23,4121,99.225,1,99.235,2,15879,4.09E+09
TF1706,59:19.5,99.23,4121,99.225,1,99.23,1,15879,4.09E+09
TF1706,59:20.0,99.225,4122,99.22,1,99.225,1,15879,4.09E+09
TF1706,59:20.5,99.225,4123,99.22,1,99.23,2,15878,4.09E+09
TF1706,59:21.0,99.225,4123,99.22,3,99.225,1,15878,4.09E+09
TF1706,59:22.0,99.225,4123,99.22,3,99.225,1,15878,4.09E+09
TF1706,59:22.5,99.225,4123,99.22,1,99.225,1,15878,4.09E+09
TF1706,59:23.0,99.225,4124,99.22,1,99.225,1,15878,4.09E+09
TF1706,59:23.5,99.225,4124,99.22,1,99.225,1,15878,4.09E+09
TF1706,59:24.5,99.225,4124,99.22,1,99.225,1,15878,4.09E+09
TF1706,59:27.0,99.22,4125,99.215,1,99.225,2,15878,4.10E+09
TF1706,59:27.5,99.22,4125,99.215,1,99.225,2,15878,4.10E+09
TF1706,59:28.0,99.22,4125,99.215,1,99.225,2,15878,4.10E+09
TF1706,59:30.0,99.225,4127,99.22,2,99.23,3,15878,4.10E+09
TF1706,59:31.5,99.225,4127,99.215,5,99.23,3,15878,4.10E+09
TF1706,59:32.0,99.225,4127,99.22,1,99.23,3,15878,4.10E+09
TF1706,59:33.0,99.225,4127,99.22,1,99.23,3,15878,4.10E+09
TF1706,59:33.5,99.22,4128,99.215,3,99.225,9,15877,4.10E+09
TF1706,59:34.0,99.215,4129,99.215,2,99.22,1,15877,4.10E+09
TF1706,59:34.5,99.22,4131,99.22,1,99.225,6,15878,4.10E+09
TF1706,59:35.0,99.22,4132,99.215,1,99.22,1,15878,4.10E+09
TF1706,59:35.5,99.22,4132,99.215,1,99.22,2,15878,4.10E+09
TF1706,59:36.0,99.22,4132,99.215,1,99.22,2,15878,4.10E+09
TF1706,59:37.0,99.22,4132,99.215,1,99.22,2,15878,4.10E+09
TF1706,59:37.5,99.215,4133,99.21,1,99.22,2,15879,4.10E+09
TF1706,59:38.0,99.215,4133,99.21,3,99.215,1,15879,4.10E+09
TF1706,59:38.5,99.215,4137,99.205,2,99.215,2,15878,4.11E+09
TF1706,59:39.0,99.215,4137,99.21,4,99.215,1,15878,4.11E+09
TF1706,59:39.5,99.215,4137,99.205,2,99.21,2,15878,4.11E+09
TF1706,59:40.0,99.215,4140,99.21,9,99.22,7,15879,4.11E+09
TF1706,59:40.5,99.215,4140,99.21,5,99.22,3,15879,4.11E+09
TF1706,59:41.0,99.215,4140,99.21,5,99.22,4,15879,4.11E+09
TF1706,59:41.5,99.22,4142,99.21,3,99.22,1,15881,4.11E+09
TF1706,59:42.0,99.22,4142,99.21,1,99.22,1,15881,4.11E+09
TF1706,59:42.5,99.22,4142,99.21,1,99.22,2,15881,4.11E+09
TF1706,59:43.0,99.22,4143,99.21,1,99.22,1,15880,4.11E+09
TF1706,59:43.5,99.22,4143,99.21,1,99.215,1,15880,4.11E+09
TF1706,59:44.0,99.215,4144,99.215,1,99.22,5,15881,4.11E+09
TF1706,59:44.5,99.215,4144,99.21,1,99.215,1,15881,4.11E+09
TF1706,59:45.0,99.215,4145,99.21,2,99.22,6,15881,4.12E+09
TF1706,59:45.5,99.215,4145,99.21,1,99.22,2,15881,4.12E+09
TF1706,59:46.0,99.215,4145,99.21,2,99.22,2,15881,4.12E+09
TF1706,59:46.5,99.21,4147,99.205,2,99.22,2,15880,4.12E+09
TF1706,59:47.0,99.21,4147,99.21,1,99.215,4,15880,4.12E+09
TF1706,59:48.0,99.21,4147,99.21,1,99.215,4,15880,4.12E+09
TF1706,59:48.5,99.22,4153,99.215,9,99.22,1,15882,4.12E+09
TF1706,59:49.0,99.225,4155,99.22,16,99.23,3,15882,4.13E+09
TF1706,59:49.5,99.225,4155,99.22,11,99.23,3,15882,4.13E+09
TF1706,59:50.0,99.225,4155,99.225,1,99.23,3,15882,4.13E+09
TF1706,59:50.5,99.23,4157,99.225,1,99.23,1,15883,4.13E+09
TF1706,59:51.0,99.225,4158,99.225,1,99.23,1,15882,4.13E+09
TF1706,59:51.5,99.225,4159,99.22,1,99.23,1,15882,4.13E+09
TF1706,59:53.0,99.225,4159,99.22,1,99.23,1,15882,4.13E+09
TF1706,59:53.5,99.225,4159,99.22,2,99.23,1,15882,4.13E+09
TF1706,59:54.5,99.225,4159,99.22,2,99.23,1,15882,4.13E+09
TF1706,59:55.0,99.225,4159,99.22,2,99.23,1,15882,4.13E+09
TF1706,59:55.5,99.225,4159,99.22,2,99.23,1,15882,4.13E+09
TF1706,59:56.5,99.22,4160,99.22,1,99.23,1,15883,4.13E+09
TF1706,59:57.0,99.21,4166,99.21,1,99.23,2,15880,4.14E+09
TF1706,59:57.5,99.21,4166,99.215,1,99.225,1,15880,4.14E+09
TF1706,59:58.0,99.21,4166,99.22,3,99.225,1,15880,4.14E+09
TF1706,59:58.5,99.21,4166,99.22,3,99.23,2,15880,4.14E+09
TF1706,59:59.0,99.22,4167,99.22,2,99.23,2,15880,4.14E+09
TF1706,00:02.0,99.22,4167,99.22,2,99.23,3,15880,4.14E+09
TF1706,00:02.5,99.22,4170,99.22,13,99.225,2,15879,4.14E+09
TF1706,00:03.0,99.22,4173,99.22,10,99.225,3,15881,4.14E+09
TF1706,00:03.5,99.22,4173,99.22,10,99.225,7,15881,4.14E+09
TF1706,00:04.0,99.22,4173,99.22,10,99.225,2,15881,4.14E+09
TF1706,00:04.5,99.22,4173,99.22,10,99.225,2,15881,4.14E+09
TF1706,00:05.5,99.22,4174,99.22,9,99.225,2,15881,4.14E+09
TF1706,00:07.0,99.23,4177,99.22,9,99.23,2,15883,4.15E+09
TF1706,00:08.0,99.23,4177,99.22,9,99.23,6,15883,4.15E+09
TF1706,00:08.5,99.23,4177,99.22,9,99.23,2,15883,4.15E+09
TF1706,00:11.5,99.23,4177,99.22,9,99.23,2,15883,4.15E+09
TF1706,00:12.0,99.23,4177,99.22,9,99.23,3,15883,4.15E+09
TF1706,00:12.5,99.23,4177,99.22,9,99.23,3,15883,4.15E+09
TF1706,00:13.0,99.23,4177,99.225,1,99.23,4,15883,4.15E+09
TF1706,00:13.5,99.23,4178,99.225,7,99.23,3,15884,4.15E+09
TF1706,00:14.0,99.23,4178,99.225,7,99.23,3,15884,4.15E+09
TF1706,00:14.5,99.225,4179,99.225,8,99.23,3,15885,4.15E+09
TF1706,00:15.0,99.225,4179,99.225,8,99.23,3,15885,4.15E+09
TF1706,00:15.5,99.225,4179,99.225,10,99.23,7,15885,4.15E+09
TF1706,00:17.0,99.225,4179,99.225,10,99.23,7,15885,4.15E+09
TF1706,00:17.5,99.225,4179,99.225,10,99.23,3,15885,4.15E+09
TF1706,00:18.0,99.23,4180,99.225,10,99.23,2,15884,4.15E+09
TF1706,00:18.5,99.23,4180,99.225,10,99.23,5,15884,4.15E+09
TF1706,00:22.5,99.225,4182,99.225,8,99.23,1,15885,4.15E+09
TF1706,00:23.0,99.225,4182,99.225,8,99.23,1,15885,4.15E+09
TF1706,00:23.5,99.225,4182,99.225,8,99.23,1,15885,4.15E+09
TF1706,00:24.0,99.225,4182,99.225,9,99.23,1,15885,4.15E+09
TF1706,00:25.0,99.225,4182,99.225,9,99.23,1,15885,4.15E+09
TF1706,00:28.0,99.225,4182,99.225,9,99.23,2,15885,4.15E+09
TF1706,00:28.5,99.23,4183,99.225,9,99.23,1,15885,4.15E+09
TF1706,00:29.0,99.23,4183,99.225,9,99.23,1,15885,4.15E+09
TF1706,00:30.0,99.23,4184,99.23,1,99.235,5,15885,4.15E+09
TF1706,00:30.5,99.23,4184,99.23,5,99.235,5,15885,4.15E+09
TF1706,00:31.5,99.23,4184,99.23,7,99.235,5,15885,4.15E+09
TF1706,00:32.0,99.23,4189,99.23,2,99.235,5,15885,4.16E+09
TF1706,00:32.5,99.23,4191,99.23,2,99.235,5,15887,4.16E+09
TF1706,00:33.5,99.23,4191,99.23,3,99.235,5,15887,4.16E+09
TF1706,00:34.5,99.23,4191,99.23,3,99.235,1,15887,4.16E+09
TF1706,00:35.0,99.235,4192,99.235,1,99.24,4,15887,4.16E+09
TF1706,00:35.5,99.235,4192,99.235,3,99.24,8,15887,4.16E+09
TF1706,00:38.5,99.235,4192,99.235,3,99.24,8,15887,4.16E+09
TF1706,00:39.0,99.235,4192,99.235,3,99.24,8,15887,4.16E+09
TF1706,00:42.5,99.235,4192,99.235,3,99.24,8,15887,4.16E+09
TF1706,00:43.0,99.235,4192,99.235,2,99.24,4,15887,4.16E+09
TF1706,00:43.5,99.235,4192,99.235,2,99.24,8,15887,4.16E+09
TF1706,00:44.5,99.235,4192,99.235,2,99.24,8,15887,4.16E+09
TF1706,00:46.5,99.235,4192,99.235,2,99.24,8,15887,4.16E+09
TF1706,00:47.0,99.235,4192,99.235,2,99.24,4,15887,4.16E+09
TF1706,00:48.5,99.24,4193,99.235,2,99.24,3,15888,4.16E+09
TF1706,00:49.0,99.24,4193,99.235,2,99.24,2,15888,4.16E+09
TF1706,00:54.0,99.24,4195,99.235,2,99.245,3,15887,4.17E+09
TF1706,00:54.5,99.24,4195,99.235,2,99.245,3,15887,4.17E+09
TF1706,00:55.5,99.235,4198,99.23,1,99.24,1,15888,4.17E+09
TF1706,00:56.0,99.235,4198,99.23,1,99.235,1,15888,4.17E+09
TF1706,00:56.5,99.235,4198,99.23,1,99.24,1,15888,4.17E+09
TF1706,00:57.0,99.235,4198,99.23,1,99.24,5,15888,4.17E+09
TF1706,00:57.5,99.235,4198,99.23,1,99.235,10,15888,4.17E+09
TF1706,00:58.0,99.235,4198,99.23,1,99.235,3,15888,4.17E+09
TF1706,00:58.5,99.235,4198,99.23,1,99.235,1,15888,4.17E+09
TF1706,01:00.0,99.235,4198,99.23,1,99.24,6,15888,4.17E+09
TF1706,01:00.5,99.235,4198,99.23,1,99.24,6,15888,4.17E+09
TF1706,01:01.5,99.235,4198,99.23,2,99.235,1,15888,4.17E+09
TF1706,01:02.0,99.235,4198,99.23,2,99.235,1,15888,4.17E+09
TF1706,01:02.5,99.235,4198,99.23,3,99.235,1,15888,4.17E+09
TF1706,01:03.5,99.235,4199,99.23,4,99.24,6,15887,4.17E+09
TF1706,01:04.0,99.235,4199,99.23,4,99.24,6,15887,4.17E+09
TF1706,01:04.5,99.235,4199,99.23,4,99.24,2,15887,4.17E+09
TF1706,01:05.5,99.235,4199,99.23,4,99.24,6,15887,4.17E+09
TF1706,01:07.0,99.235,4199,99.235,1,99.24,6,15887,4.17E+09
TF1706,01:09.0,99.235,4199,99.235,1,99.24,6,15887,4.17E+09
TF1706,01:09.5,99.235,4199,99.235,2,99.24,6,15887,4.17E+09
TF1706,01:10.0,99.235,4199,99.235,2,99.24,2,15887,4.17E+09
TF1706,01:14.0,99.235,4199,99.235,2,99.24,6,15887,4.17E+09
TF1706,01:17.5,99.235,4199,99.235,2,99.24,2,15887,4.17E+09
TF1706,01:21.0,99.23,4204,99.23,2,99.24,7,15885,4.17E+09
TF1706,01:21.5,99.24,4206,99.235,5,99.24,5,15884,4.18E+09
TF1706,01:22.0,99.24,4206,99.23,2,99.24,5,15884,4.18E+09
TF1706,01:22.5,99.24,4206,99.235,1,99.24,5,15884,4.18E+09
TF1706,01:23.5,99.24,4206,99.235,1,99.24,5,15884,4.18E+09
TF1706,01:25.5,99.24,4209,99.235,1,99.24,2,15884,4.18E+09
TF1706,01:26.0,99.24,4211,99.24,2,99.245,3,15884,4.18E+09
TF1706,01:26.5,99.24,4212,99.24,4,99.245,7,15885,4.18E+09
TF1706,01:27.0,99.24,4216,99.235,2,99.245,7,15884,4.19E+09
TF1706,01:27.5,99.24,4216,99.235,2,99.245,7,15884,4.19E+09
TF1706,01:31.5,99.24,4216,99.235,2,99.245,7,15884,4.19E+09
TF1706,01:33.5,99.24,4216,99.235,3,99.245,3,15884,4.19E+09
TF1706,01:40.0,99.24,4216,99.24,1,99.245,3,15884,4.19E+09
TF1706,01:40.5,99.245,4219,99.245,8,99.25,7,15887,4.19E+09
TF1706,01:41.0,99.245,4219,99.245,1,99.25,7,15887,4.19E+09
TF1706,01:41.5,99.25,4220,99.245,1,99.25,2,15888,4.19E+09
TF1706,01:42.0,99.245,4221,99.24,1,99.245,1,15887,4.19E+09
TF1706,01:42.5,99.245,4221,99.24,2,99.245,1,15887,4.19E+09
TF1706,01:43.0,99.245,4221,99.24,2,99.245,1,15887,4.19E+09
TF1706,01:43.5,99.235,4224,99.235,1,99.24,1,15884,4.19E+09
TF1706,01:44.0,99.235,4224,99.235,2,99.24,1,15884,4.19E+09
TF1706,01:44.5,99.235,4224,99.235,2,99.24,1,15884,4.19E+09
TF1706,01:45.0,99.24,4225,99.24,3,99.245,2,15884,4.20E+09
TF1706,01:45.5,99.24,4225,99.235,2,99.245,2,15884,4.20E+09
TF1706,01:46.0,99.245,4227,99.245,3,99.25,2,15884,4.20E+09
TF1706,01:46.5,99.245,4230,99.24,3,99.25,2,15881,4.20E+09
TF1706,01:47.0,99.245,4230,99.24,3,99.245,1,15881,4.20E+09
TF1706,01:47.5,99.245,4231,99.245,1,99.25,6,15880,4.20E+09
TF1706,01:48.0,99.245,4231,99.24,3,99.25,6,15880,4.20E+09
TF1706,01:48.5,99.245,4231,99.24,3,99.25,2,15880,4.20E+09
TF1706,01:49.0,99.245,4231,99.24,4,99.25,2,15880,4.20E+09
TF1706,01:49.5,99.245,4231,99.24,4,99.25,6,15880,4.20E+09
TF1706,01:50.0,99.245,4231,99.24,4,99.25,6,15880,4.20E+09
TF1706,01:51.5,99.25,4234,99.24,4,99.25,4,15881,4.20E+09
TF1706,01:53.0,99.25,4234,99.24,4,99.25,5,15881,4.20E+09
TF1706,01:54.5,99.25,4234,99.24,4,99.25,1,15881,4.20E+09
TF1706,01:55.0,99.25,4234,99.24,4,99.25,1,15881,4.20E+09
TF1706,01:55.5,99.25,4234,99.24,2,99.25,1,15881,4.20E+09
TF1706,01:56.0,99.25,4234,99.24,2,99.25,1,15881,4.20E+09
TF1706,01:56.5,99.25,4234,99.24,2,99.25,1,15881,4.20E+09
TF1706,01:57.0,99.25,4234,99.24,2,99.25,1,15881,4.20E+09
TF1706,02:00.5,99.24,4235,99.24,1,99.25,1,15881,4.21E+09
TF1706,02:01.0,99.24,4235,99.24,1,99.25,2,15881,4.21E+09
TF1706,02:03.0,99.24,4235,99.24,1,99.25,2,15881,4.21E+09
TF1706,02:04.0,99.24,4235,99.24,1,99.25,2,15881,4.21E+09
TF1706,02:05.0,99.24,4235,99.24,1,99.25,3,15881,4.21E+09
TF1706,02:06.0,99.24,4235,99.24,1,99.25,3,15881,4.21E+09
TF1706,02:07.5,99.24,4235,99.24,1,99.25,3,15881,4.21E+09
TF1706,02:09.0,99.24,4235,99.24,1,99.25,3,15881,4.21E+09
TF1706,02:09.5,99.24,4235,99.24,1,99.245,5,15881,4.21E+09
TF1706,02:10.0,99.24,4235,99.24,1,99.245,1,15881,4.21E+09
TF1706,02:11.5,99.24,4235,99.24,2,99.245,1,15881,4.21E+09
TF1706,02:12.0,99.245,4236,99.245,2,99.25,3,15882,4.21E+09
TF1706,02:12.5,99.245,4236,99.245,1,99.25,3,15882,4.21E+09
TF1706,02:13.0,99.245,4236,99.245,1,99.25,3,15882,4.21E+09
TF1706,02:17.0,99.245,4236,99.245,1,99.25,3,15882,4.21E+09
TF1706,02:17.5,99.245,4236,99.24,2,99.25,3,15882,4.21E+09
TF1706,02:18.5,99.245,4236,99.24,2,99.25,3,15882,4.21E+09
TF1706,02:19.0,99.245,4236,99.24,2,99.25,3,15882,4.21E+09
TF1706,02:20.0,99.245,4236,99.24,2,99.25,3,15882,4.21E+09
TF1706,02:23.0,99.245,4236,99.24,2,99.25,3,15882,4.21E+09
TF1706,02:27.5,99.245,4236,99.24,6,99.25,3,15882,4.21E+09
TF1706,02:36.5,99.245,4236,99.24,2,99.25,3,15882,4.21E+09
TF1706,02:37.5,99.245,4236,99.24,2,99.25,3,15882,4.21E+09
TF1706,02:38.0,99.245,4236,99.24,2,99.25,3,15882,4.21E+09
TF1706,02:39.0,99.245,4236,99.24,2,99.25,3,15882,4.21E+09
TF1706,02:40.0,99.245,4236,99.24,2,99.25,3,15882,4.21E+09
TF1706,02:40.5,99.245,4236,99.24,2,99.25,7,15882,4.21E+09
TF1706,02:42.5,99.245,4236,99.24,2,99.25,3,15882,4.21E+09
TF1706,02:43.0,99.245,4236,99.24,2,99.25,3,15882,4.21E+09
TF1706,02:50.0,99.245,4236,99.24,2,99.25,3,15882,4.21E+09
TF1706,02:51.0,99.245,4236,99.24,2,99.25,3,15882,4.21E+09
TF1706,02:51.5,99.245,4236,99.24,2,99.25,3,15882,4.21E+09
TF1706,02:52.5,99.245,4236,99.24,2,99.25,3,15882,4.21E+09
TF1706,02:53.0,99.245,4236,99.24,2,99.25,3,15882,4.21E+09
TF1706,02:57.0,99.245,4236,99.24,2,99.25,3,15882,4.21E+09
TF1706,02:59.0,99.245,4236,99.24,3,99.25,3,15882,4.21E+09
TF1706,03:00.0,99.245,4236,99.245,1,99.25,3,15882,4.21E+09
TF1706,03:01.0,99.245,4236,99.245,1,99.25,2,15882,4.21E+09
TF1706,03:01.5,99.245,4236,99.245,2,99.25,4,15882,4.21E+09
TF1706,03:02.5,99.245,4236,99.245,2,99.25,4,15882,4.21E+09
TF1706,03:03.0,99.25,4240,99.25,2,99.255,3,15881,4.21E+09
TF1706,03:03.5,99.25,4241,99.245,2,99.255,4,15880,4.21E+09
TF1706,03:04.0,99.25,4241,99.245,2,99.255,4,15880,4.21E+09
TF1706,03:04.5,99.25,4241,99.245,2,99.255,4,15880,4.21E+09
TF1706,03:08.0,99.25,4241,99.245,1,99.255,4,15880,4.21E+09
TF1706,03:08.5,99.25,4241,99.245,1,99.25,6,15880,4.21E+09
TF1706,03:09.0,99.25,4241,99.245,1,99.255,4,15880,4.21E+09
TF1706,03:11.0,99.25,4241,99.245,1,99.255,8,15880,4.21E+09
TF1706,03:11.5,99.25,4241,99.245,1,99.255,4,15880,4.21E+09
TF1706,03:18.0,99.25,4241,99.245,1,99.255,4,15880,4.21E+09
TF1706,03:18.5,99.25,4241,99.245,1,99.255,4,15880,4.21E+09
TF1706,03:29.0,99.245,4242,99.24,5,99.255,4,15879,4.21E+09
TF1706,03:29.5,99.245,4242,99.24,8,99.245,4,15879,4.21E+09
TF1706,03:30.0,99.24,4247,99.235,3,99.25,1,15882,4.22E+09
TF1706,03:30.5,99.24,4248,99.235,3,99.24,3,15882,4.22E+09
TF1706,03:31.5,99.235,4252,99.23,4,99.24,2,15883,4.22E+09
TF1706,03:32.0,99.24,4254,99.24,1,99.245,2,15882,4.22E+09
TF1706,03:32.5,99.24,4254,99.24,1,99.245,3,15882,4.22E+09
TF1706,03:33.0,99.24,4254,99.24,1,99.245,3,15882,4.22E+09
TF1706,03:35.0,99.24,4254,99.24,1,99.245,3,15882,4.22E+09
TF1706,03:36.0,99.24,4255,99.235,3,99.245,3,15881,4.22E+09
TF1706,03:36.5,99.24,4255,99.235,3,99.24,3,15881,4.22E+09
TF1706,03:37.0,99.24,4256,99.235,3,99.245,3,15881,4.23E+09
TF1706,03:37.5,99.24,4256,99.235,3,99.24,3,15881,4.23E+09
TF1706,03:38.0,99.24,4256,99.235,3,99.245,3,15881,4.23E+09
TF1706,03:41.5,99.24,4256,99.235,1,99.245,3,15881,4.23E+09
TF1706,03:42.0,99.24,4256,99.235,2,99.24,3,15881,4.23E+09
TF1706,03:42.5,99.24,4256,99.235,2,99.24,1,15881,4.23E+09
TF1706,03:43.0,99.24,4256,99.235,2,99.24,1,15881,4.23E+09
TF1706,03:46.5,99.24,4256,99.235,1,99.24,1,15881,4.23E+09
TF1706,03:47.5,99.24,4256,99.235,11,99.24,1,15881,4.23E+09
TF1706,03:48.0,99.24,4256,99.24,9,99.245,3,15881,4.23E+09
TF1706,03:48.5,99.24,4256,99.24,4,99.245,3,15881,4.23E+09
TF1706,03:51.0,99.24,4256,99.24,4,99.245,4,15881,4.23E+09
TF1706,03:58.0,99.24,4256,99.24,2,99.245,4,15881,4.23E+09
TF1706,03:59.0,99.245,4257,99.235,11,99.245,3,15881,4.23E+09
TF1706,03:59.5,99.245,4257,99.24,1,99.245,3,15881,4.23E+09
TF1706,04:03.0,99.245,4257,99.24,1,99.245,2,15881,4.23E+09
TF1706,04:03.5,99.245,4257,99.24,2,99.245,2,15881,4.23E+09
TF1706,04:04.0,99.245,4257,99.24,2,99.245,1,15881,4.23E+09
TF1706,04:13.0,99.245,4257,99.24,2,99.245,2,15881,4.23E+09
TF1706,04:33.0,99.245,4257,99.24,2,99.245,2,15881,4.23E+09
TF1706,04:33.5,99.245,4257,99.24,2,99.245,7,15881,4.23E+09
TF1706,04:34.0,99.245,4257,99.24,1,99.245,7,15881,4.23E+09
TF1706,04:34.5,99.24,4258,99.235,14,99.24,2,15880,4.23E+09
TF1706,04:35.0,99.24,4260,99.235,14,99.245,7,15879,4.23E+09
TF1706,04:36.0,99.24,4260,99.235,11,99.245,7,15879,4.23E+09
TF1706,04:39.5,99.24,4260,99.235,11,99.245,7,15879,4.23E+09
TF1706,04:40.0,99.24,4260,99.235,11,99.245,3,15879,4.23E+09
TF1706,04:40.5,99.24,4260,99.24,1,99.245,3,15879,4.23E+09
TF1706,04:44.0,99.24,4260,99.24,1,99.245,2,15879,4.23E+09
TF1706,04:44.5,99.24,4260,99.24,2,99.245,2,15879,4.23E+09
TF1706,04:45.5,99.24,4260,99.24,2,99.245,2,15879,4.23E+09
TF1706,04:47.0,99.24,4260,99.24,2,99.245,2,15879,4.23E+09
TF1706,04:49.5,99.24,4260,99.24,5,99.245,2,15879,4.23E+09
TF1706,04:54.5,99.24,4260,99.24,2,99.245,2,15879,4.23E+09
TF1706,04:58.5,99.24,4260,99.24,5,99.245,2,15879,4.23E+09
TF1706,04:59.5,99.24,4260,99.24,5,99.245,3,15879,4.23E+09
TF1706,05:00.5,99.24,4260,99.24,5,99.245,7,15879,4.23E+09
TF1706,05:01.0,99.24,4260,99.24,4,99.245,7,15879,4.23E+09
TF1706,05:03.5,99.24,4260,99.24,1,99.245,7,15879,4.23E+09
TF1706,05:07.5,99.24,4260,99.24,4,99.245,7,15879,4.23E+09
TF1706,05:12.5,99.24,4260,99.24,1,99.245,7,15879,4.23E+09
TF1706,05:13.0,99.24,4260,99.24,1,99.245,6,15879,4.23E+09
TF1706,05:14.0,99.24,4260,99.24,1,99.245,6,15879,4.23E+09
TF1706,05:16.5,99.245,4263,99.24,1,99.245,3,15877,4.23E+09
TF1706,05:17.0,99.24,4265,99.235,12,99.245,3,15875,4.23E+09
TF1706,05:26.5,99.24,4265,99.235,12,99.245,3,15875,4.23E+09
TF1706,05:29.5,99.24,4265,99.235,12,99.245,4,15875,4.23E+09
TF1706,05:30.0,99.24,4265,99.235,12,99.245,4,15875,4.23E+09
TF1706,05:30.5,99.24,4265,99.24,1,99.245,4,15875,4.23E+09
TF1706,05:34.5,99.24,4265,99.24,1,99.245,4,15875,4.23E+09
TF1706,05:35.0,99.24,4266,99.24,1,99.245,4,15875,4.24E+09
TF1706,05:35.5,99.24,4267,99.235,15,99.245,4,15875,4.24E+09
TF1706,05:36.0,99.24,4267,99.235,12,99.245,4,15875,4.24E+09
TF1706,05:36.5,99.24,4267,99.235,12,99.24,1,15875,4.24E+09
TF1706,05:37.0,99.24,4267,99.235,12,99.24,2,15875,4.24E+09
TF1706,05:37.5,99.24,4269,99.235,12,99.24,4,15875,4.24E+09
TF1706,05:38.0,99.24,4269,99.235,12,99.245,4,15875,4.24E+09
TF1706,05:38.5,99.24,4269,99.235,12,99.245,6,15875,4.24E+09
TF1706,05:39.5,99.24,4269,99.235,12,99.245,6,15875,4.24E+09
TF1706,05:40.5,99.24,4269,99.235,12,99.245,6,15875,4.24E+09
TF1706,05:45.5,99.24,4269,99.235,12,99.245,6,15875,4.24E+09
TF1706,05:47.0,99.235,4270,99.235,11,99.245,6,15875,4.24E+09
TF1706,05:47.5,99.235,4270,99.235,11,99.24,1,15875,4.24E+09
TF1706,05:48.0,99.235,4271,99.235,10,99.24,1,15876,4.24E+09
TF1706,05:48.5,99.235,4271,99.235,13,99.24,2,15876,4.24E+09
TF1706,05:51.5,99.235,4272,99.235,12,99.24,3,15877,4.24E+09
TF1706,05:54.5,99.235,4272,99.235,9,99.24,4,15877,4.24E+09
TF1706,05:55.0,99.24,4275,99.235,9,99.24,1,15877,4.24E+09
TF1706,05:56.0,99.24,4275,99.235,9,99.245,6,15877,4.24E+09
TF1706,05:58.5,99.24,4275,99.24,3,99.245,6,15877,4.24E+09
TF1706,05:59.0,99.235,4279,99.235,8,99.24,5,15875,4.25E+09
TF1706,05:59.5,99.235,4281,99.235,6,99.24,5,15875,4.25E+09
TF1706,06:00.0,99.235,4281,99.235,6,99.24,9,15875,4.25E+09
TF1706,06:00.5,99.235,4284,99.235,3,99.24,9,15878,4.25E+09
TF1706,06:01.0,99.235,4287,99.23,3,99.24,9,15878,4.26E+09
TF1706,06:01.5,99.235,4287,99.23,3,99.24,9,15878,4.26E+09
TF1706,06:02.0,99.235,4287,99.23,3,99.235,1,15878,4.26E+09
TF1706,06:02.5,99.23,4290,99.225,6,99.235,3,15881,4.26E+09
TF1706,06:03.0,99.23,4290,99.225,6,99.235,3,15881,4.26E+09
TF1706,06:04.0,99.23,4290,99.225,6,99.235,7,15881,4.26E+09
TF1706,06:04.5,99.23,4290,99.225,6,99.235,3,15881,4.26E+09
TF1706,06:05.0,99.23,4290,99.225,6,99.235,3,15881,4.26E+09
TF1706,06:05.5,99.23,4294,99.23,5,99.24,2,15880,4.26E+09
TF1706,06:06.0,99.23,4294,99.23,3,99.24,6,15880,4.26E+09
TF1706,06:06.5,99.23,4294,99.23,4,99.24,6,15880,4.26E+09
TF1706,06:07.0,99.23,4294,99.23,4,99.24,7,15880,4.26E+09
TF1706,06:08.0,99.23,4294,99.23,3,99.24,7,15880,4.26E+09
TF1706,06:08.5,99.23,4294,99.23,4,99.24,7,15880,4.26E+09
TF1706,06:09.0,99.23,4294,99.23,4,99.24,7,15880,4.26E+09
TF1706,06:11.0,99.23,4294,99.23,4,99.24,8,15880,4.26E+09
TF1706,06:11.5,99.23,4294,99.23,4,99.24,8,15880,4.26E+09
TF1706,06:12.0,99.24,4298,99.23,4,99.24,4,15882,4.27E+09
TF1706,06:12.5,99.24,4298,99.235,1,99.24,2,15882,4.27E+09
TF1706,06:13.0,99.24,4298,99.235,2,99.24,2,15882,4.27E+09
TF1706,06:13.5,99.24,4298,99.235,3,99.24,2,15882,4.27E+09
TF1706,06:14.0,99.24,4298,99.235,3,99.24,2,15882,4.27E+09
TF1706,06:16.5,99.24,4300,99.24,2,99.245,2,15882,4.27E+09
TF1706,06:17.0,99.24,4300,99.24,2,99.245,2,15882,4.27E+09
TF1706,06:17.5,99.24,4300,99.24,2,99.245,2,15882,4.27E+09
TF1706,06:19.5,99.24,4300,99.24,2,99.245,2,15882,4.27E+09
TF1706,06:20.5,99.24,4300,99.24,2,99.245,1,15882,4.27E+09
TF1706,06:21.0,99.24,4302,99.235,3,99.245,1,15882,4.27E+09
TF1706,06:21.5,99.24,4302,99.235,3,99.245,5,15882,4.27E+09
TF1706,06:22.0,99.24,4302,99.235,3,99.245,1,15882,4.27E+09
TF1706,06:22.5,99.24,4302,99.24,1,99.245,1,15882,4.27E+09
TF1706,06:23.0,99.24,4302,99.24,2,99.245,5,15882,4.27E+09
TF1706,06:24.5,99.24,4302,99.24,2,99.245,1,15882,4.27E+09
TF1706,06:25.0,99.24,4302,99.24,2,99.245,1,15882,4.27E+09
TF1706,06:25.5,99.24,4302,99.24,2,99.245,1,15882,4.27E+09
TF1706,06:26.0,99.24,4302,99.24,2,99.245,1,15882,4.27E+09
TF1706,06:26.5,99.245,4304,99.24,3,99.245,3,15881,4.27E+09
TF1706,06:27.0,99.245,4304,99.24,2,99.255,4,15881,4.27E+09
TF1706,06:27.5,99.245,4304,99.24,2,99.25,3,15881,4.27E+09
TF1706,06:28.0,99.245,4304,99.24,2,99.25,4,15881,4.27E+09
TF1706,06:34.5,99.245,4304,99.24,2,99.25,4,15881,4.27E+09
TF1706,06:36.0,99.245,4304,99.24,2,99.25,4,15881,4.27E+09
TF1706,06:37.0,99.24,4305,99.24,1,99.25,4,15882,4.27E+09
TF1706,06:38.0,99.24,4305,99.24,1,99.25,4,15882,4.27E+09
TF1706,06:39.5,99.24,4305,99.24,1,99.25,4,15882,4.27E+09
TF1706,06:45.0,99.24,4305,99.24,1,99.25,4,15882,4.27E+09
TF1706,06:47.0,99.24,4305,99.24,2,99.25,4,15882,4.27E+09
TF1706,06:48.0,99.24,4305,99.245,9,99.25,4,15882,4.27E+09
TF1706,06:48.5,99.24,4305,99.245,9,99.25,4,15882,4.27E+09
TF1706,06:49.0,99.24,4305,99.245,9,99.25,3,15882,4.27E+09
TF1706,06:53.0,99.24,4305,99.245,9,99.25,1,15882,4.27E+09
TF1706,06:53.5,99.245,4315,99.24,2,99.255,4,15882,4.28E+09
TF1706,06:54.0,99.245,4315,99.24,2,99.25,1,15882,4.28E+09
TF1706,06:54.5,99.245,4315,99.24,2,99.25,2,15882,4.28E+09
TF1706,06:59.5,99.245,4315,99.24,2,99.25,2,15882,4.28E+09
TF1706,07:03.0,99.24,4317,99.235,25,99.25,5,15881,4.29E+09
TF1706,07:03.5,99.24,4317,99.24,1,99.245,7,15881,4.29E+09
TF1706,07:04.0,99.245,4318,99.24,1,99.245,8,15882,4.29E+09
TF1706,07:04.5,99.245,4318,99.24,1,99.245,8,15882,4.29E+09
TF1706,07:05.0,99.245,4318,99.24,1,99.245,1,15882,4.29E+09
TF1706,07:11.0,99.245,4318,99.24,2,99.245,1,15882,4.29E+09
TF1706,07:16.0,99.245,4318,99.24,3,99.25,3,15882,4.29E+09
TF1706,07:16.5,99.245,4318,99.24,3,99.25,3,15882,4.29E+09
TF1706,07:27.0,99.245,4318,99.24,3,99.25,3,15882,4.29E+09
TF1706,07:28.0,99.245,4318,99.24,3,99.25,3,15882,4.29E+09
TF1706,07:28.5,99.245,4318,99.24,4,99.25,3,15882,4.29E+09
TF1706,07:34.5,99.245,4318,99.24,4,99.25,3,15882,4.29E+09
TF1706,07:35.5,99.245,4318,99.24,4,99.25,3,15882,4.29E+09
TF1706,07:36.0,99.245,4318,99.24,4,99.25,3,15882,4.29E+09
TF1706,07:39.0,99.245,4318,99.24,4,99.25,3,15882,4.29E+09
TF1706,07:44.0,99.245,4318,99.24,4,99.25,3,15882,4.29E+09
TF1706,07:47.0,99.245,4318,99.245,6,99.25,3,15882,4.29E+09
TF1706,07:53.0,99.245,4318,99.24,4,99.25,3,15882,4.29E+09
TF1706,07:55.5,99.245,4318,99.24,57,99.25,3,15882,4.29E+09
TF1706,07:56.0,99.245,4318,99.245,8,99.25,3,15882,4.29E+09
TF1706,07:56.5,99.245,4318,99.245,7,99.25,3,15882,4.29E+09
TF1706,08:02.0,99.245,4318,99.245,4,99.25,3,15882,4.29E+09
TF1706,08:02.5,99.245,4318,99.245,1,99.25,3,15882,4.29E+09
TF1706,08:05.0,99.245,4318,99.245,7,99.25,3,15882,4.29E+09
TF1706,08:05.5,99.245,4319,99.245,7,99.25,2,15881,4.29E+09
TF1706,08:06.0,99.245,4319,99.245,7,99.25,2,15881,4.29E+09
TF1706,08:11.0,99.245,4319,99.245,1,99.25,2,15881,4.29E+09
TF1706,08:13.5,99.245,4320,99.24,57,99.245,2,15882,4.29E+09
TF1706,08:14.0,99.245,4322,99.245,15,99.25,2,15882,4.29E+09
TF1706,08:14.5,99.245,4322,99.245,10,99.25,2,15882,4.29E+09
TF1706,08:15.0,99.245,4322,99.245,10,99.25,1,15882,4.29E+09
TF1706,08:15.5,99.245,4322,99.245,10,99.25,1,15882,4.29E+09
TF1706,08:16.0,99.245,4322,99.245,8,99.25,1,15882,4.29E+09
TF1706,08:17.5,99.245,4330,99.24,57,99.245,2,15883,4.30E+09
TF1706,08:18.0,99.245,4330,99.24,57,99.245,7,15883,4.30E+09
TF1706,08:18.5,99.24,4333,99.24,54,99.245,7,15881,4.30E+09
TF1706,08:19.5,99.24,4333,99.24,54,99.245,2,15881,4.30E+09
TF1706,08:21.5,99.245,4335,99.24,54,99.25,2,15883,4.30E+09
TF1706,08:22.0,99.245,4335,99.24,54,99.245,5,15883,4.30E+09
TF1706,08:22.5,99.245,4335,99.24,54,99.245,5,15883,4.30E+09
TF1706,08:27.5,99.245,4335,99.24,54,99.245,5,15883,4.30E+09
TF1706,08:29.0,99.245,4335,99.24,54,99.245,5,15883,4.30E+09
TF1706,08:32.5,99.245,4335,99.24,54,99.25,3,15883,4.30E+09
TF1706,08:33.0,99.245,4335,99.24,54,99.25,3,15883,4.30E+09
TF1706,08:34.5,99.245,4335,99.24,54,99.25,3,15883,4.30E+09
TF1706,08:36.0,99.245,4335,99.24,54,99.25,3,15883,4.30E+09
TF1706,08:39.5,99.245,4335,99.24,54,99.25,3,15883,4.30E+09
TF1706,08:40.0,99.245,4335,99.24,34,99.25,3,15883,4.30E+09
TF1706,08:41.5,99.245,4335,99.24,34,99.245,5,15883,4.30E+09
TF1706,08:42.0,99.245,4335,99.24,34,99.25,3,15883,4.30E+09
TF1706,08:42.5,99.245,4335,99.24,34,99.25,3,15883,4.30E+09
